fecha,carga,venta,spread,horas0_solar,anio,mes
2022-01-01,0.0,144.4325,144.4325,9.0,2022,1
2022-01-02,0.0,88.8975,88.8975,9.0,2022,1
2022-01-03,0.0,158.9325,158.9325,6.0,2022,1
2022-01-04,45.7675,131.70999999999998,85.94249999999998,0.0,2022,1
2022-01-05,41.345,122.98,81.635,0.0,2022,1
2022-01-06,57.4525,106.96499999999999,49.51249999999999,0.0,2022,1
2022-01-07,53.0125,207.075,154.0625,0.0,2022,1
2022-01-08,0.0,222.21749999999997,222.21749999999997,9.0,2022,1
2022-01-09,0.0,214.405,214.405,6.0,2022,1
2022-01-10,0.0,179.6075,179.6075,9.0,2022,1
2022-01-11,0.0,193.515,193.515,9.0,2022,1
2022-01-12,0.0,134.945,134.945,9.0,2022,1
2022-01-13,0.0,99.2875,99.2875,9.0,2022,1
2022-01-14,0.0,87.62,87.62,9.0,2022,1
2022-01-15,0.0,80.6725,80.6725,6.0,2022,1
2022-01-16,0.0,81.975,81.975,4.0,2022,1
2022-01-17,0.5375,84.2075,83.67,1.0,2022,1
2022-01-18,0.0,84.13,84.13,9.0,2022,1
2022-01-19,0.0,80.8,80.8,9.0,2022,1
2022-01-20,0.0,82.77,82.77,9.0,2022,1
2022-01-21,0.0,88.41749999999999,88.41749999999999,9.0,2022,1
2022-01-22,0.0,82.715,82.715,9.0,2022,1
2022-01-23,0.0,86.755,86.755,7.0,2022,1
2022-01-24,0.0,149.7675,149.7675,7.0,2022,1
2022-01-25,26.2125,156.0875,129.875,1.0,2022,1
2022-01-26,0.0,207.52500000000003,207.52500000000003,5.0,2022,1
2022-01-27,63.39750000000001,214.275,150.8775,0.0,2022,1
2022-01-28,42.2425,124.29,82.04750000000001,1.0,2022,1
2022-01-29,0.0,108.37,108.37,4.0,2022,1
2022-01-30,0.0,79.4675,79.4675,9.0,2022,1
2022-01-31,38.73,84.78,46.050000000000004,0.0,2022,1
2022-02-01,54.9825,158.35250000000002,103.37000000000002,0.0,2022,2
2022-02-02,0.045,177.73250000000002,177.68750000000003,3.0,2022,2
2022-02-03,34.06,111.845,77.785,0.0,2022,2
2022-02-04,25.097500000000004,99.595,74.4975,1.0,2022,2
2022-02-05,0.0,83.2575,83.2575,9.0,2022,2
2022-02-06,15.719999999999999,85.85,70.13,2.0,2022,2
2022-02-07,58.5425,86.55499999999999,28.012499999999996,0.0,2022,2
2022-02-08,50.4775,90.26,39.782500000000006,0.0,2022,2
2022-02-09,49.31,92.56,43.25,0.0,2022,2
2022-02-10,36.01,93.25750000000001,57.24750000000001,0.0,2022,2
2022-02-11,0.0,89.8225,89.8225,7.0,2022,2
2022-02-12,0.0,95.35499999999999,95.35499999999999,8.0,2022,2
2022-02-13,0.0,116.5425,116.5425,9.0,2022,2
2022-02-14,58.27,216.57750000000001,158.3075,0.0,2022,2
2022-02-15,54.84,189.25,134.41,0.0,2022,2
2022-02-16,4.4775,136.495,132.0175,3.0,2022,2
2022-02-17,39.58,102.86999999999999,63.28999999999999,0.0,2022,2
2022-02-18,37.91,173.44,135.53,0.0,2022,2
2022-02-19,0.0,148.505,148.505,8.0,2022,2
2022-02-20,0.0,106.25750000000001,106.25750000000001,9.0,2022,2
2022-02-21,38.667500000000004,181.65249999999997,142.98499999999996,1.0,2022,2
2022-02-22,45.3525,118.6,73.2475,1.0,2022,2
2022-02-23,44.81,186.365,141.555,0.0,2022,2
2022-02-24,0.0,109.355,109.355,6.0,2022,2
2022-02-25,28.125,120.92,92.795,2.0,2022,2
2022-02-26,0.0,99.925,99.925,9.0,2022,2
2022-02-27,0.0,78.775,78.775,9.0,2022,2
2022-02-28,0.0,88.3025,88.3025,6.0,2022,2
2022-03-01,46.3925,161.305,114.91250000000001,0.0,2022,3
2022-03-02,0.0,118.62,118.62,7.0,2022,3
2022-03-03,78.8725,202.6925,123.82,0.0,2022,3
2022-03-04,57.477500000000006,196.26,138.78249999999997,0.0,2022,3
2022-03-05,0.0,119.735,119.735,7.0,2022,3
2022-03-06,0.0,100.94749999999999,100.94749999999999,8.0,2022,3
2022-03-07,74.72,201.515,126.79499999999999,0.0,2022,3
2022-03-08,0.0,126.035,126.035,6.0,2022,3
2022-03-09,0.0,124.21249999999999,124.21249999999999,6.0,2022,3
2022-03-10,2.9074999999999998,110.7,107.7925,0.0,2022,3
2022-03-11,67.44250000000001,129.565,62.12249999999999,0.0,2022,3
2022-03-12,12.7925,114.8925,102.1,3.0,2022,3
2022-03-13,0.0,115.23750000000001,115.23750000000001,8.0,2022,3
2022-03-14,73.35749999999999,224.63,151.2725,0.0,2022,3
2022-03-15,232.29500000000002,321.05,88.755,0.0,2022,3
2022-03-16,261.5775,319.235,57.65750000000003,0.0,2022,3
2022-03-17,76.2825,257.645,181.36249999999998,0.0,2022,3
2022-03-18,58.63249999999999,120.2,61.56750000000001,0.0,2022,3
2022-03-19,85.49,128.88,43.39,0.0,2022,3
2022-03-20,18.2975,123.21,104.9125,2.0,2022,3
2022-03-21,104.0625,144.65,40.587500000000006,0.0,2022,3
2022-03-22,121.435,235.93,114.495,0.0,2022,3
2022-03-23,87.5,129.0825,41.58250000000001,0.0,2022,3
2022-03-24,35.425,136.19,100.765,1.0,2022,3
2022-03-25,108.9025,286.75,177.8475,0.0,2022,3
2022-03-26,37.2225,311.02750000000003,273.80500000000006,1.0,2022,3
2022-03-27,0.0,273.995,273.995,9.0,2022,3
2022-03-28,104.4775,258.685,154.20749999999998,0.0,2022,3
2022-03-29,174.76,286.35249999999996,111.59249999999997,0.0,2022,3
2022-03-30,11.19,199.9025,188.7125,2.0,2022,3
2022-03-31,96.705,151.3725,54.667500000000004,0.0,2022,3
2022-04-01,46.5625,165.64,119.07749999999999,0.0,2022,4
2022-04-02,14.605,235.35500000000002,220.75000000000003,3.0,2022,4
2022-04-03,0.0,133.8475,133.8475,8.0,2022,4
2022-04-04,50.765,143.9325,93.1675,0.0,2022,4
2022-04-05,87.775,227.255,139.48,0.0,2022,4
2022-04-06,71.7475,155.25,83.5025,0.0,2022,4
2022-04-07,89.82,176.1525,86.33250000000001,0.0,2022,4
2022-04-08,117.49000000000001,207.1,89.60999999999999,0.0,2022,4
2022-04-09,0.0,141.76,141.76,6.0,2022,4
2022-04-10,0.0,157.985,157.985,4.0,2022,4
2022-04-11,82.885,169.3625,86.4775,0.0,2022,4
2022-04-12,44.849999999999994,138.665,93.815,0.0,2022,4
2022-04-13,45.0625,150.035,104.9725,0.0,2022,4
2022-04-14,344.7175,335.235,-9.482499999999959,0.0,2022,4
2022-04-15,208.83249999999998,335.7775,126.945,0.0,2022,4
2022-04-16,88.7675,187.97,99.2025,0.0,2022,4
2022-04-17,90.86,302.675,211.815,0.0,2022,4
2022-04-18,254.20999999999998,340.40500000000003,86.19500000000005,0.0,2022,4
2022-04-19,140.43,280.9175,140.4875,0.0,2022,4
2022-04-20,281.22,280.9625,-0.25750000000005,0.0,2022,4
2022-04-21,128.15750000000003,349.08,220.92249999999996,0.0,2022,4
2022-04-22,93.50750000000001,125.73,32.2225,0.0,2022,4
2022-04-23,71.2525,190.6,119.3475,0.0,2022,4
2022-04-24,0.0,164.97,164.97,7.0,2022,4
2022-04-25,59.5725,104.9425,45.37,0.0,2022,4
2022-04-26,89.1975,133.54,44.34249999999999,0.0,2022,4
2022-04-27,57.477500000000006,156.5925,99.115,0.0,2022,4
2022-04-28,8.98,99.82499999999999,90.84499999999998,3.0,2022,4
2022-04-29,46.3775,110.31,63.932500000000005,0.0,2022,4
2022-04-30,0.0,101.19500000000001,101.19500000000001,8.0,2022,4
2022-05-01,0.0,97.185,97.185,8.0,2022,5
2022-05-02,0.0,100.8,100.8,7.0,2022,5
2022-05-03,0.0,132.095,132.095,4.0,2022,5
2022-05-04,0.0,125.44,125.44,7.0,2022,5
2022-05-05,85.1625,249.555,164.3925,0.0,2022,5
2022-05-06,74.6175,140.6325,66.01499999999999,0.0,2022,5
2022-05-07,45.3025,129.3825,84.07999999999998,0.0,2022,5
2022-05-08,72.58500000000001,147.0975,74.51249999999999,0.0,2022,5
2022-05-09,93.6525,114.8825,21.22999999999999,0.0,2022,5
2022-05-10,82.5625,151.58,69.01750000000001,0.0,2022,5
2022-05-11,106.27250000000001,195.06,88.7875,0.0,2022,5
2022-05-12,92.36,156.0575,63.697500000000005,0.0,2022,5
2022-05-13,43.545,132.55,89.00500000000001,1.0,2022,5
2022-05-14,65.1175,112.5775,47.459999999999994,0.0,2022,5
2022-05-15,0.0,129.58499999999998,129.58499999999998,7.0,2022,5
2022-05-16,96.225,234.34500000000003,138.12000000000003,0.0,2022,5
2022-05-17,100.82,408.18,307.36,0.0,2022,5
2022-05-18,92.74,401.33250000000004,308.59250000000003,0.0,2022,5
2022-05-19,44.42,185.45499999999998,141.03499999999997,1.0,2022,5
2022-05-20,22.7,104.625,81.925,2.0,2022,5
2022-05-21,0.0,120.04,120.04,7.0,2022,5
2022-05-22,0.0,107.52250000000001,107.52250000000001,6.0,2022,5
2022-05-23,56.54,123.185,66.64500000000001,0.0,2022,5
2022-05-24,62.1525,115.4,53.2475,0.0,2022,5
2022-05-25,0.0,114.9325,114.9325,5.0,2022,5
2022-05-26,73.375,142.72,69.345,0.0,2022,5
2022-05-27,153.385,142.225,-11.159999999999997,0.0,2022,5
2022-05-28,47.86,134.46749999999997,86.60749999999997,0.0,2022,5
2022-05-29,0.0,131.6925,131.6925,4.0,2022,5
2022-05-30,109.86500000000001,208.1525,98.2875,0.0,2022,5
2022-05-31,104.75999999999999,335.4475,230.6875,0.0,2022,5
2022-06-01,152.1525,382.93249999999995,230.77999999999994,0.0,2022,6
2022-06-02,117.9575,262.7575,144.8,0.0,2022,6
2022-06-03,112.72,155.6625,42.942499999999995,0.0,2022,6
2022-06-04,113.24000000000001,208.0025,94.76249999999999,0.0,2022,6
2022-06-05,81.6925,154.5875,72.89500000000001,0.0,2022,6
2022-06-06,0.725,143.965,143.24,3.0,2022,6
2022-06-07,4.862500000000001,155.045,150.18249999999998,2.0,2022,6
2022-06-08,29.3975,140.8475,111.44999999999999,2.0,2022,6
2022-06-09,22.064999999999998,145.8475,123.7825,2.0,2022,6
2022-06-10,73.465,198.055,124.59,0.0,2022,6
2022-06-11,12.9675,395.5775,382.61,3.0,2022,6
2022-06-12,70.8725,288.33000000000004,217.45750000000004,0.0,2022,6
2022-06-13,153.21749999999997,395.2875,242.07000000000005,0.0,2022,6
2022-06-14,136.1,291.115,155.01500000000001,0.0,2022,6
2022-06-15,118.85749999999999,396.98,278.12250000000006,0.0,2022,6
2022-06-16,124.82,389.455,264.635,0.0,2022,6
2022-06-17,87.9875,382.8,294.8125,0.0,2022,6
2022-06-18,6.3575,402.02,395.66249999999997,2.0,2022,6
2022-06-19,59.02499999999999,387.37,328.345,0.0,2022,6
2022-06-20,217.025,411.0825,194.05749999999998,0.0,2022,6
2022-06-21,82.6475,404.32000000000005,321.67250000000007,0.0,2022,6
2022-06-22,193.9175,328.995,135.07750000000001,0.0,2022,6
2022-06-23,199.15999999999997,298.8275,99.66750000000002,0.0,2022,6
2022-06-24,267.095,373.1875,106.09249999999997,0.0,2022,6
2022-06-25,231.73000000000002,434.90250000000003,203.1725,0.0,2022,6
2022-06-26,186.21249999999998,427.16999999999996,240.95749999999998,0.0,2022,6
2022-06-27,325.5575,432.37,106.8125,0.0,2022,6
2022-06-28,91.61,411.235,319.625,0.0,2022,6
2022-06-29,25.22,426.66,401.44000000000005,2.0,2022,6
2022-06-30,89.78999999999999,286.13,196.34,0.0,2022,6
2022-07-01,135.08749999999998,325.925,190.83750000000003,0.0,2022,7
2022-07-02,0.0,147.09,147.09,7.0,2022,7
2022-07-03,53.435,158.8675,105.4325,1.0,2022,7
2022-07-04,34.8725,150.57500000000002,115.70250000000001,2.0,2022,7
2022-07-05,57.78,154.6425,96.86250000000001,0.0,2022,7
2022-07-06,136.265,160.95,24.685000000000002,0.0,2022,7
2022-07-07,84.02250000000001,193.735,109.7125,0.0,2022,7
2022-07-08,83.63999999999999,140.8025,57.16250000000002,0.0,2022,7
2022-07-09,12.995,161.1125,148.1175,3.0,2022,7
2022-07-10,7.755,176.1225,168.3675,3.0,2022,7
2022-07-11,82.615,207.0675,124.4525,0.0,2022,7
2022-07-12,38.6475,165.65,127.0025,1.0,2022,7
2022-07-13,98.70999999999998,174.2,75.49000000000001,0.0,2022,7
2022-07-14,371.4525,310.025,-61.42750000000001,0.0,2022,7
2022-07-15,334.3625,388.58750000000003,54.22500000000002,0.0,2022,7
2022-07-16,90.24,154.5675,64.3275,0.0,2022,7
2022-07-17,114.56249999999999,313.19,198.6275,0.0,2022,7
2022-07-18,350.84749999999997,360.1125,9.265000000000043,0.0,2022,7
2022-07-19,157.1,360.37499999999994,203.27499999999995,0.0,2022,7
2022-07-20,266.7,271.61,4.910000000000025,0.0,2022,7
2022-07-21,194.76,175.58,-19.17999999999998,0.0,2022,7
2022-07-22,191.05249999999998,206.89499999999998,15.842500000000001,0.0,2022,7
2022-07-23,95.2375,227.01,131.77249999999998,0.0,2022,7
2022-07-24,0.0,286.3925,286.3925,7.0,2022,7
2022-07-25,50.745000000000005,240.995,190.25,1.0,2022,7
2022-07-26,22.635,192.16,169.525,2.0,2022,7
2022-07-27,74.76,177.8625,103.1025,0.0,2022,7
2022-07-28,4.38,234.135,229.755,3.0,2022,7
2022-07-29,8.73,256.485,247.75500000000002,3.0,2022,7
2022-07-30,97.12,296.13750000000005,199.01750000000004,0.0,2022,7
2022-07-31,0.0,164.83249999999998,164.83249999999998,7.0,2022,7
2022-08-01,66.8,307.49,240.69,0.0,2022,8
2022-08-02,73.68,221.335,147.655,0.0,2022,8
2022-08-03,166.8175,239.85750000000002,73.04000000000002,0.0,2022,8
2022-08-04,86.57,148.405,61.83500000000001,0.0,2022,8
2022-08-05,57.6475,153.2725,95.625,0.0,2022,8
2022-08-06,157.895,200.85500000000002,42.96000000000001,0.0,2022,8
2022-08-07,0.0,158.3875,158.3875,6.0,2022,8
2022-08-08,50.0425,161.92,111.8775,1.0,2022,8
2022-08-09,78.03999999999999,160.3,82.26000000000002,0.0,2022,8
2022-08-10,28.455000000000002,162.63,134.17499999999998,2.0,2022,8
2022-08-11,79.07,149.995,70.92500000000001,0.0,2022,8
2022-08-12,15.1825,144.39,129.20749999999998,3.0,2022,8
2022-08-13,0.0,129.0575,129.0575,8.0,2022,8
2022-08-14,11.12,142.1175,130.9975,3.0,2022,8
2022-08-15,0.0,142.51999999999998,142.51999999999998,8.0,2022,8
2022-08-16,111.57000000000001,144.68,33.11,0.0,2022,8
2022-08-17,65.89,141.75,75.86,0.0,2022,8
2022-08-18,0.0,136.0825,136.0825,7.0,2022,8
2022-08-19,4.09,146.0975,142.0075,3.0,2022,8
2022-08-20,0.0,137.7825,137.7825,8.0,2022,8
2022-08-21,0.0,121.13,121.13,7.0,2022,8
2022-08-22,106.8275,153.1175,46.290000000000006,0.0,2022,8
2022-08-23,1.92,139.95749999999998,138.0375,3.0,2022,8
2022-08-24,3.2275,136.1925,132.965,3.0,2022,8
2022-08-25,0.0,132.7925,132.7925,6.0,2022,8
2022-08-26,75.8175,140.58999999999997,64.77249999999998,0.0,2022,8
2022-08-27,0.0,117.29,117.29,8.0,2022,8
2022-08-28,0.0,117.55250000000001,117.55250000000001,7.0,2022,8
2022-08-29,107.72,144.865,37.14500000000001,0.0,2022,8
2022-08-30,119.54749999999999,182.77499999999998,63.22749999999999,0.0,2022,8
2022-08-31,112.6225,155.01250000000002,42.390000000000015,0.0,2022,8
2022-09-01,10.37,133.40500000000003,123.03500000000003,2.0,2022,9
2022-09-02,0.0,147.4425,147.4425,8.0,2022,9
2022-09-03,0.0,147.81,147.81,8.0,2022,9
2022-09-04,0.0,131.3875,131.3875,8.0,2022,9
2022-09-05,49.4275,157.71499999999997,108.28749999999997,1.0,2022,9
2022-09-06,4.0575,137.32250000000002,133.26500000000001,3.0,2022,9
2022-09-07,29.93,158.2025,128.27249999999998,1.0,2022,9
2022-09-08,67.975,123.125,55.150000000000006,0.0,2022,9
2022-09-09,20.0375,116.32249999999999,96.285,2.0,2022,9
2022-09-10,69.6125,124.2425,54.63000000000001,0.0,2022,9
2022-09-11,84.715,123.33749999999999,38.62249999999999,0.0,2022,9
2022-09-12,74.83999999999999,134.84,60.000000000000014,0.0,2022,9
2022-09-13,0.0,137.0225,137.0225,4.0,2022,9
2022-09-14,0.0,121.33,121.33,8.0,2022,9
2022-09-15,10.51,131.98,121.46999999999998,3.0,2022,9
2022-09-16,0.0,126.72,126.72,8.0,2022,9
2022-09-17,0.0,143.0675,143.0675,7.0,2022,9
2022-09-18,0.0,109.05,109.05,9.0,2022,9
2022-09-19,0.0,108.07249999999999,108.07249999999999,9.0,2022,9
2022-09-20,76.24,182.445,106.205,0.0,2022,9
2022-09-21,46.07749999999999,177.04250000000002,130.96500000000003,0.0,2022,9
2022-09-22,0.0,170.10500000000002,170.10500000000002,9.0,2022,9
2022-09-23,48.34,183.88750000000002,135.5475,0.0,2022,9
2022-09-24,0.0,157.765,157.765,9.0,2022,9
2022-09-25,9.93,134.75,124.82,3.0,2022,9
2022-09-26,0.0,129.3175,129.3175,5.0,2022,9
2022-09-27,0.0,122.10750000000002,122.10750000000002,9.0,2022,9
2022-09-28,26.145000000000003,126.37500000000001,100.23000000000002,2.0,2022,9
2022-09-29,63.56,136.815,73.255,0.0,2022,9
2022-09-30,0.0,132.7025,132.7025,5.0,2022,9
2022-10-01,0.0,133.31,133.31,8.0,2022,10
2022-10-02,0.0,176.26999999999998,176.26999999999998,9.0,2022,10
2022-10-03,45.185,124.62,79.435,0.0,2022,10
2022-10-04,63.795,138.505,74.71,0.0,2022,10
2022-10-05,0.0,132.9775,132.9775,4.0,2022,10
2022-10-06,0.0,139.01749999999998,139.01749999999998,4.0,2022,10
2022-10-07,0.0,125.825,125.825,9.0,2022,10
2022-10-08,0.0,101.0675,101.0675,9.0,2022,10
2022-10-09,0.0,117.5175,117.5175,9.0,2022,10
2022-10-10,0.0,127.14000000000001,127.14000000000001,9.0,2022,10
2022-10-11,0.0,127.8375,127.8375,9.0,2022,10
2022-10-12,0.0,129.66250000000002,129.66250000000002,9.0,2022,10
2022-10-13,0.0,122.74000000000001,122.74000000000001,9.0,2022,10
2022-10-14,0.0,128.32500000000002,128.32500000000002,9.0,2022,10
2022-10-15,0.0,123.67000000000002,123.67000000000002,9.0,2022,10
2022-10-16,0.0,113.62750000000001,113.62750000000001,9.0,2022,10
2022-10-17,0.0,158.3975,158.3975,6.0,2022,10
2022-10-18,0.0,160.6325,160.6325,9.0,2022,10
2022-10-19,0.0,172.6075,172.6075,9.0,2022,10
2022-10-20,0.0,226.51250000000002,226.51250000000002,9.0,2022,10
2022-10-21,0.0,196.0375,196.0375,9.0,2022,10
2022-10-22,0.0,312.3225,312.3225,9.0,2022,10
2022-10-23,0.0,226.24249999999998,226.24249999999998,9.0,2022,10
2022-10-24,0.0,252.12750000000003,252.12750000000003,9.0,2022,10
2022-10-25,0.0,249.9325,249.9325,9.0,2022,10
2022-10-26,0.0,134.49,134.49,9.0,2022,10
2022-10-27,0.0,134.3025,134.3025,9.0,2022,10
2022-10-28,0.0,128.0925,128.0925,9.0,2022,10
2022-10-29,0.0,74.57749999999999,74.57749999999999,9.0,2022,10
2022-10-30,0.0,0.0,0.0,9.0,2022,10
2022-10-31,0.0,121.2025,121.2025,9.0,2022,10
2022-11-01,0.0,105.215,105.215,9.0,2022,11
2022-11-02,0.0,246.1975,246.1975,9.0,2022,11
2022-11-03,0.0,295.22,295.22,9.0,2022,11
2022-11-04,0.0,349.40749999999997,349.40749999999997,9.0,2022,11
2022-11-05,0.0,184.3075,184.3075,9.0,2022,11
2022-11-06,0.0,134.59,134.59,9.0,2022,11
2022-11-07,0.0,209.61,209.61,9.0,2022,11
2022-11-08,0.0,296.1425,296.1425,9.0,2022,11
2022-11-09,0.0,272.88,272.88,7.0,2022,11
2022-11-10,0.0,359.3025,359.3025,8.0,2022,11
2022-11-11,0.0,349.8225,349.8225,8.0,2022,11
2022-11-12,0.0,290.595,290.595,6.0,2022,11
2022-11-13,0.0,153.7175,153.7175,9.0,2022,11
2022-11-14,0.0,238.17,238.17,9.0,2022,11
2022-11-15,0.0,330.735,330.735,9.0,2022,11
2022-11-16,0.0,249.7,249.7,9.0,2022,11
2022-11-17,0.0,144.26250000000002,144.26250000000002,9.0,2022,11
2022-11-18,0.0,250.235,250.235,9.0,2022,11
2022-11-19,0.0,155.48,155.48,9.0,2022,11
2022-11-20,0.0,175.075,175.075,9.0,2022,11
2022-11-21,0.0,245.56,245.56,9.0,2022,11
2022-11-22,0.0,344.45750000000004,344.45750000000004,9.0,2022,11
2022-11-23,0.0,233.76999999999998,233.76999999999998,9.0,2022,11
2022-11-24,0.0,143.94,143.94,9.0,2022,11
2022-11-25,0.0,186.6325,186.6325,9.0,2022,11
2022-11-26,0.0,290.91999999999996,290.91999999999996,9.0,2022,11
2022-11-27,0.0,287.9875,287.9875,9.0,2022,11
2022-11-28,0.0,298.12,298.12,5.0,2022,11
2022-11-29,0.0,248.05,248.05,8.0,2022,11
2022-11-30,0.0,181.395,181.395,9.0,2022,11
2022-12-01,0.0,201.0175,201.0175,9.0,2022,12
2022-12-02,0.0,181.68,181.68,9.0,2022,12
2022-12-03,0.0,177.44500000000002,177.44500000000002,9.0,2022,12
2022-12-04,0.0,255.055,255.055,9.0,2022,12
2022-12-05,0.0,319.17999999999995,319.17999999999995,9.0,2022,12
2022-12-06,0.0,316.03999999999996,316.03999999999996,9.0,2022,12
2022-12-07,0.0,191.98,191.98,9.0,2022,12
2022-12-08,0.0,110.99,110.99,9.0,2022,12
2022-12-09,0.0,148.34750000000003,148.34750000000003,9.0,2022,12
2022-12-10,0.0,133.595,133.595,9.0,2022,12
2022-12-11,0.0,208.4475,208.4475,9.0,2022,12
2022-12-12,0.0,279.815,279.815,9.0,2022,12
2022-12-13,0.0,269.66249999999997,269.66249999999997,8.0,2022,12
2022-12-14,0.0,298.97749999999996,298.97749999999996,9.0,2022,12
2022-12-15,0.0,169.4325,169.4325,9.0,2022,12
2022-12-16,0.0,161.92000000000002,161.92000000000002,9.0,2022,12
2022-12-17,0.0,146.51,146.51,9.0,2022,12
2022-12-18,0.0,157.46750000000003,157.46750000000003,9.0,2022,12
2022-12-19,0.0,209.8,209.8,9.0,2022,12
2022-12-20,0.0,200.4925,200.4925,9.0,2022,12
2022-12-21,0.0,154.7325,154.7325,9.0,2022,12
2022-12-22,0.0,180.76500000000001,180.76500000000001,9.0,2022,12
2022-12-23,0.0,174.88,174.88,9.0,2022,12
2022-12-24,0.0,194.705,194.705,9.0,2022,12
2022-12-25,0.0,163.26,163.26,9.0,2022,12
2022-12-26,0.0,182.375,182.375,5.0,2022,12
2022-12-27,0.0,182.21000000000004,182.21000000000004,9.0,2022,12
2022-12-28,0.0,157.375,157.375,9.0,2022,12
2022-12-29,0.0,145.89999999999998,145.89999999999998,9.0,2022,12
2022-12-30,0.0,143.67000000000002,143.67000000000002,9.0,2022,12
2022-12-31,0.0,235.1825,235.1825,8.0,2022,12
2023-01-01,0.0,153.495,153.495,9.0,2023,1
2023-01-02,0.0,135.6425,135.6425,9.0,2023,1
2023-01-03,0.0,145.97,145.97,9.0,2023,1
2023-01-04,0.0,147.16250000000002,147.16250000000002,9.0,2023,1
2023-01-05,0.0,151.7575,151.7575,9.0,2023,1
2023-01-06,0.0,166.8175,166.8175,9.0,2023,1
2023-01-07,0.0,165.43,165.43,9.0,2023,1
2023-01-08,0.0,159.6325,159.6325,9.0,2023,1
2023-01-09,0.0,204.94,204.94,9.0,2023,1
2023-01-10,0.0,184.95,184.95,8.0,2023,1
2023-01-11,0.0,165.85,165.85,9.0,2023,1
2023-01-12,0.0,232.635,232.635,9.0,2023,1
2023-01-13,0.0,192.1825,192.1825,9.0,2023,1
2023-01-14,0.0,150.14749999999998,150.14749999999998,9.0,2023,1
2023-01-15,0.0,157.9875,157.9875,9.0,2023,1
2023-01-16,0.0,175.67000000000002,175.67000000000002,9.0,2023,1
2023-01-17,0.0,200.43999999999997,200.43999999999997,9.0,2023,1
2023-01-18,0.0,202.5575,202.5575,9.0,2023,1
2023-01-19,0.0,199.86249999999998,199.86249999999998,9.0,2023,1
2023-01-20,0.0,192.4075,192.4075,6.0,2023,1
2023-01-21,0.0,191.89499999999998,191.89499999999998,9.0,2023,1
2023-01-22,0.0,223.84249999999997,223.84249999999997,9.0,2023,1
2023-01-23,0.0,272.815,272.815,9.0,2023,1
2023-01-24,0.0,187.495,187.495,7.0,2023,1
2023-01-25,0.0,167.81,167.81,9.0,2023,1
2023-01-26,0.0,149.49,149.49,9.0,2023,1
2023-01-27,0.0,148.0325,148.0325,9.0,2023,1
2023-01-28,0.0,152.9075,152.9075,9.0,2023,1
2023-01-29,0.0,262.23749999999995,262.23749999999995,9.0,2023,1
2023-01-30,0.0,294.29249999999996,294.29249999999996,9.0,2023,1
2023-01-31,0.0,239.21249999999998,239.21249999999998,9.0,2023,1
2023-02-01,0.0,188.1025,188.1025,9.0,2023,2
2023-02-02,0.0,183.0675,183.0675,9.0,2023,2
2023-02-03,0.0,262.66,262.66,9.0,2023,2
2023-02-04,0.0,300.3125,300.3125,9.0,2023,2
2023-02-05,0.0,209.8075,209.8075,9.0,2023,2
2023-02-06,0.0,255.71,255.71,5.0,2023,2
2023-02-07,30.432499999999997,290.60249999999996,260.16999999999996,2.0,2023,2
2023-02-08,0.0,299.3525,299.3525,6.0,2023,2
2023-02-09,71.795,307.745,235.95,0.0,2023,2
2023-02-10,72.86250000000001,295.1625,222.3,0.0,2023,2
2023-02-11,46.4225,174.64000000000001,128.21750000000003,0.0,2023,2
2023-02-12,0.0,136.85,136.85,9.0,2023,2
2023-02-13,0.0,151.9725,151.9725,9.0,2023,2
2023-02-14,0.0,151.435,151.435,9.0,2023,2
2023-02-15,0.0,160.9575,160.9575,9.0,2023,2
2023-02-16,0.0,167.055,167.055,8.0,2023,2
2023-02-17,0.0,158.14,158.14,9.0,2023,2
2023-02-18,0.0,180.35500000000002,180.35500000000002,9.0,2023,2
2023-02-19,0.0,171.0625,171.0625,9.0,2023,2
2023-02-20,0.0,276.135,276.135,9.0,2023,2
2023-02-21,0.0,226.14000000000001,226.14000000000001,9.0,2023,2
2023-02-22,0.0,180.505,180.505,9.0,2023,2
2023-02-23,0.0,173.7125,173.7125,9.0,2023,2
2023-02-24,0.0,178.0225,178.0225,9.0,2023,2
2023-02-25,0.0,202.7825,202.7825,9.0,2023,2
2023-02-26,0.0,160.31500000000003,160.31500000000003,9.0,2023,2
2023-02-27,0.0,180.08,180.08,9.0,2023,2
2023-02-28,0.0,190.0525,190.0525,9.0,2023,2
2023-03-01,0.0,170.435,170.435,9.0,2023,3
2023-03-02,0.0,167.83249999999998,167.83249999999998,9.0,2023,3
2023-03-03,0.0,174.165,174.165,9.0,2023,3
2023-03-04,0.0,188.08749999999998,188.08749999999998,9.0,2023,3
2023-03-05,0.0,162.07,162.07,9.0,2023,3
2023-03-06,0.0,199.305,199.305,9.0,2023,3
2023-03-07,0.0,293.12249999999995,293.12249999999995,7.0,2023,3
2023-03-08,23.965,199.4425,175.4775,2.0,2023,3
2023-03-09,110.10999999999999,204.31,94.20000000000002,0.0,2023,3
2023-03-10,8.245,203.86,195.615,3.0,2023,3
2023-03-11,0.0,197.83999999999997,197.83999999999997,7.0,2023,3
2023-03-12,0.0,162.5475,162.5475,8.0,2023,3
2023-03-13,25.3275,226.465,201.1375,3.0,2023,3
2023-03-14,0.0,278.18,278.18,4.0,2023,3
2023-03-15,0.0,193.57500000000002,193.57500000000002,6.0,2023,3
2023-03-16,19.485,182.74,163.255,3.0,2023,3
2023-03-17,76.41749999999999,182.54499999999996,106.12749999999997,1.0,2023,3
2023-03-18,0.0,168.4325,168.4325,8.0,2023,3
2023-03-19,0.0,176.17,176.17,9.0,2023,3
2023-03-20,13.4,185.44,172.04,2.0,2023,3
2023-03-21,80.7975,190.2925,109.49499999999999,0.0,2023,3
2023-03-22,78.55999999999999,236.4,157.84000000000003,0.0,2023,3
2023-03-23,91.8175,216.63750000000002,124.82000000000002,0.0,2023,3
2023-03-24,0.0,183.97,183.97,4.0,2023,3
2023-03-25,0.0,176.97250000000003,176.97250000000003,8.0,2023,3
2023-03-26,0.0,179.2475,179.2475,9.0,2023,3
2023-03-27,36.335,226.265,189.92999999999998,1.0,2023,3
2023-03-28,228.57,283.34000000000003,54.77000000000004,0.0,2023,3
2023-03-29,0.0,262.64,262.64,5.0,2023,3
2023-03-30,0.0,304.3225,304.3225,5.0,2023,3
2023-03-31,0.0,259.5725,259.5725,6.0,2023,3
2023-04-01,30.677500000000002,182.88,152.2025,2.0,2023,4
2023-04-02,33.37,167.25500000000002,133.88500000000002,2.0,2023,4
2023-04-03,45.4075,168.26,122.85249999999999,0.0,2023,4
2023-04-04,64.5825,285.5675,220.985,1.0,2023,4
2023-04-05,117.67500000000001,281.5025,163.8275,0.0,2023,4
2023-04-06,55.8575,268.305,212.4475,0.0,2023,4
2023-04-07,0.0,184.135,184.135,8.0,2023,4
2023-04-08,94.51,227.7425,133.23250000000002,0.0,2023,4
2023-04-09,0.0,211.64,211.64,8.0,2023,4
2023-04-10,117.315,224.16,106.845,0.0,2023,4
2023-04-11,136.995,267.825,130.82999999999998,0.0,2023,4
2023-04-12,171.85750000000002,198.33,26.472499999999997,0.0,2023,4
2023-04-13,90.6175,186.565,95.94749999999999,0.0,2023,4
2023-04-14,86.46000000000001,178.92,92.45999999999998,0.0,2023,4
2023-04-15,0.0,151.22,151.22,8.0,2023,4
2023-04-16,0.0,154.21,154.21,8.0,2023,4
2023-04-17,0.0,162.51749999999998,162.51749999999998,7.0,2023,4
2023-04-18,103.7375,179.6925,75.955,0.0,2023,4
2023-04-19,0.0,163.87,163.87,8.0,2023,4
2023-04-20,70.62,203.23,132.60999999999999,0.0,2023,4
2023-04-21,93.99499999999999,201.63,107.635,0.0,2023,4
2023-04-22,0.0,201.15,201.15,5.0,2023,4
2023-04-23,0.0,206.55,206.55,6.0,2023,4
2023-04-24,140.4625,207.515,67.05249999999998,0.0,2023,4
2023-04-25,131.075,250.665,119.59,0.0,2023,4
2023-04-26,114.8075,268.4,153.59249999999997,0.0,2023,4
2023-04-27,77.7025,206.17,128.46749999999997,0.0,2023,4
2023-04-28,0.0,184.18,184.18,5.0,2023,4
2023-04-29,0.0,155.34,155.34,8.0,2023,4
2023-04-30,0.0,168.1825,168.1825,8.0,2023,4
2023-05-01,0.0,173.77,173.77,8.0,2023,5
2023-05-02,0.0,167.4925,167.4925,7.0,2023,5
2023-05-03,1.5125,182.82,181.3075,3.0,2023,5
2023-05-04,138.28750000000002,180.65,42.36249999999998,0.0,2023,5
2023-05-05,47.25749999999999,179.27,132.01250000000002,1.0,2023,5
2023-05-06,177.75,210.21249999999998,32.46249999999998,0.0,2023,5
2023-05-07,0.0,183.35250000000002,183.35250000000002,8.0,2023,5
2023-05-08,67.83500000000001,190.61,122.775,0.0,2023,5
2023-05-09,0.0,184.68,184.68,7.0,2023,5
2023-05-10,58.0,186.33,128.33,0.0,2023,5
2023-05-11,82.665,187.25,104.585,0.0,2023,5
2023-05-12,79.82749999999999,180.42,100.5925,0.0,2023,5
2023-05-13,0.0,178.64,178.64,7.0,2023,5
2023-05-14,0.0,178.32,178.32,8.0,2023,5
2023-05-15,121.30000000000001,180.75,59.44999999999999,0.0,2023,5
2023-05-16,120.0875,196.9625,76.875,0.0,2023,5
2023-05-17,177.45,223.26,45.81,0.0,2023,5
2023-05-18,50.557500000000005,203.5075,152.95,0.0,2023,5
2023-05-19,3.6825,174.24,170.5575,3.0,2023,5
2023-05-20,21.32,181.33,160.01000000000002,2.0,2023,5
2023-05-21,64.135,162.65,98.515,1.0,2023,5
2023-05-22,123.0875,153.27499999999998,30.18749999999997,0.0,2023,5
2023-05-23,48.644999999999996,165.79500000000002,117.15000000000002,1.0,2023,5
2023-05-24,65.1875,148.03500000000003,82.84750000000003,0.0,2023,5
2023-05-25,70.49000000000001,152.1225,81.6325,0.0,2023,5
2023-05-26,1.6175,149.7025,148.08499999999998,3.0,2023,5
2023-05-27,58.337500000000006,150.2525,91.91499999999999,0.0,2023,5
2023-05-28,77.2825,145.485,68.20250000000001,0.0,2023,5
2023-05-29,104.83250000000001,171.61,66.7775,0.0,2023,5
2023-05-30,144.2975,178.81,34.51249999999999,0.0,2023,5
2023-05-31,38.035,188.60250000000002,150.56750000000002,0.0,2023,5
2023-06-01,37.7675,188.31,150.54250000000002,1.0,2023,6
2023-06-02,69.405,176.11,106.70500000000001,0.0,2023,6
2023-06-03,49.09,178.95,129.85999999999999,0.0,2023,6
2023-06-04,3.4475,171.4,167.95250000000001,3.0,2023,6
2023-06-05,82.3775,173.05,90.67250000000001,0.0,2023,6
2023-06-06,168.66,188.94,20.28,0.0,2023,6
2023-06-07,161.40500000000003,169.835,8.429999999999978,0.0,2023,6
2023-06-08,22.647499999999997,148.49499999999998,125.84749999999998,2.0,2023,6
2023-06-09,9.095,131.4925,122.39750000000001,2.0,2023,6
2023-06-10,0.0,129.2,129.2,7.0,2023,6
2023-06-11,0.0,157.53,157.53,8.0,2023,6
2023-06-12,46.0175,164.8375,118.82000000000001,1.0,2023,6
2023-06-13,66.7175,167.77,101.05250000000001,0.0,2023,6
2023-06-14,86.185,176.85750000000002,90.67250000000001,0.0,2023,6
2023-06-15,17.450000000000003,152.505,135.055,1.0,2023,6
2023-06-16,47.947500000000005,156.6375,108.68999999999998,0.0,2023,6
2023-06-17,133.195,163.2175,30.022500000000008,0.0,2023,6
2023-06-18,123.92000000000002,162.04,38.119999999999976,0.0,2023,6
2023-06-19,126.22999999999999,211.3175,85.0875,0.0,2023,6
2023-06-20,127.6575,169.4925,41.83500000000001,0.0,2023,6
2023-06-21,92.955,131.32,38.364999999999995,0.0,2023,6
2023-06-22,42.17,121.185,79.015,1.0,2023,6
2023-06-23,30.7775,111.84,81.0625,0.0,2023,6
2023-06-24,0.0,110.16250000000001,110.16250000000001,8.0,2023,6
2023-06-25,0.0,86.47,86.47,8.0,2023,6
2023-06-26,0.0,118.42249999999999,118.42249999999999,8.0,2023,6
2023-06-27,0.0,105.91749999999999,105.91749999999999,7.0,2023,6
2023-06-28,22.2,132.5525,110.3525,2.0,2023,6
2023-06-29,0.0,142.42000000000002,142.42000000000002,7.0,2023,6
2023-06-30,0.0,143.95749999999998,143.95749999999998,7.0,2023,6
2023-07-01,0.0,94.02,94.02,8.0,2023,7
2023-07-02,0.0,114.74999999999999,114.74999999999999,8.0,2023,7
2023-07-03,0.0,111.98500000000001,111.98500000000001,7.0,2023,7
2023-07-04,0.0,94.1675,94.1675,7.0,2023,7
2023-07-05,0.0,90.85499999999999,90.85499999999999,7.0,2023,7
2023-07-06,0.0,122.27,122.27,5.0,2023,7
2023-07-07,48.4525,89.815,41.3625,0.0,2023,7
2023-07-08,0.0,85.29249999999999,85.29249999999999,8.0,2023,7
2023-07-09,0.0,96.3425,96.3425,8.0,2023,7
2023-07-10,0.0,92.4375,92.4375,7.0,2023,7
2023-07-11,48.1875,81.74,33.552499999999995,0.0,2023,7
2023-07-12,28.832500000000003,80.0725,51.24,0.0,2023,7
2023-07-13,40.53,80.02,39.489999999999995,0.0,2023,7
2023-07-14,58.892500000000005,94.09,35.1975,0.0,2023,7
2023-07-15,18.7325,108.2825,89.55,1.0,2023,7
2023-07-16,0.0,96.4225,96.4225,8.0,2023,7
2023-07-17,70.655,117.3625,46.707499999999996,0.0,2023,7
2023-07-18,72.635,84.5275,11.892499999999998,0.0,2023,7
2023-07-19,59.415000000000006,112.9275,53.51249999999999,0.0,2023,7
2023-07-20,14.3325,85.36250000000001,71.03000000000002,0.0,2023,7
2023-07-21,35.25,92.705,57.455,0.0,2023,7
2023-07-22,31.125,93.625,62.5,0.0,2023,7
2023-07-23,0.0,129.115,129.115,4.0,2023,7
2023-07-24,0.0,86.55,86.55,4.0,2023,7
2023-07-25,0.0,83.4575,83.4575,6.0,2023,7
2023-07-26,0.0,75.94749999999999,75.94749999999999,5.0,2023,7
2023-07-27,0.0,93.14,93.14,5.0,2023,7
2023-07-28,0.0,77.63,77.63,8.0,2023,7
2023-07-29,0.0,84.6775,84.6775,8.0,2023,7
2023-07-30,0.0,133.595,133.595,8.0,2023,7
2023-07-31,0.0,73.49000000000001,73.49000000000001,8.0,2023,7
2023-08-01,0.0,76.8725,76.8725,8.0,2023,8
2023-08-02,0.0,81.6325,81.6325,8.0,2023,8
2023-08-03,0.0,78.7875,78.7875,8.0,2023,8
2023-08-04,0.0,93.3225,93.3225,8.0,2023,8
2023-08-05,0.0,105.48,105.48,7.0,2023,8
2023-08-06,0.0,93.66,93.66,8.0,2023,8
2023-08-07,55.8125,130.94,75.1275,0.0,2023,8
2023-08-08,39.55,109.5975,70.0475,0.0,2023,8
2023-08-09,37.4525,83.7775,46.325,0.0,2023,8
2023-08-10,18.65,82.4225,63.7725,0.0,2023,8
2023-08-11,0.3875,79.66749999999999,79.27999999999999,3.0,2023,8
2023-08-12,0.0,95.46,95.46,8.0,2023,8
2023-08-13,0.0,117.3375,117.3375,8.0,2023,8
2023-08-14,0.0,139.965,139.965,7.0,2023,8
2023-08-15,0.0,158.1325,158.1325,8.0,2023,8
2023-08-16,0.0,117.92750000000001,117.92750000000001,8.0,2023,8
2023-08-17,0.0,95.7425,95.7425,9.0,2023,8
2023-08-18,0.0,83.29249999999999,83.29249999999999,9.0,2023,8
2023-08-19,0.0,88.48,88.48,8.0,2023,8
2023-08-20,0.0,134.4375,134.4375,8.0,2023,8
2023-08-21,0.0,217.445,217.445,8.0,2023,8
2023-08-22,0.0,160.56000000000003,160.56000000000003,8.0,2023,8
2023-08-23,0.0,155.24,155.24,8.0,2023,8
2023-08-24,0.0,79.1425,79.1425,9.0,2023,8
2023-08-25,0.0,79.80499999999999,79.80499999999999,9.0,2023,8
2023-08-26,0.0,97.9775,97.9775,9.0,2023,8
2023-08-27,0.0,137.6625,137.6625,9.0,2023,8
2023-08-28,0.0,107.7225,107.7225,9.0,2023,8
2023-08-29,0.0,73.30749999999999,73.30749999999999,9.0,2023,8
2023-08-30,0.0,79.0975,79.0975,8.0,2023,8
2023-08-31,0.0,119.88,119.88,9.0,2023,8
2023-09-01,0.0,134.2675,134.2675,4.0,2023,9
2023-09-02,0.0,163.13,163.13,8.0,2023,9
2023-09-03,0.0,173.04250000000002,173.04250000000002,8.0,2023,9
2023-09-04,0.0,88.32249999999999,88.32249999999999,4.0,2023,9
2023-09-05,0.0,90.55,90.55,6.0,2023,9
2023-09-06,0.0,103.515,103.515,9.0,2023,9
2023-09-07,0.0,81.0475,81.0475,9.0,2023,9
2023-09-08,0.0,99.725,99.725,8.0,2023,9
2023-09-09,0.0,121.41250000000001,121.41250000000001,9.0,2023,9
2023-09-10,0.0,88.10499999999999,88.10499999999999,9.0,2023,9
2023-09-11,0.0,81.545,81.545,9.0,2023,9
2023-09-12,0.0,117.63499999999999,117.63499999999999,9.0,2023,9
2023-09-13,0.0,93.0475,93.0475,9.0,2023,9
2023-09-14,0.0,77.415,77.415,9.0,2023,9
2023-09-15,0.0,113.92750000000001,113.92750000000001,9.0,2023,9
2023-09-16,0.0,266.40250000000003,266.40250000000003,9.0,2023,9
2023-09-17,0.0,114.10499999999999,114.10499999999999,9.0,2023,9
2023-09-18,0.0,118.8025,118.8025,9.0,2023,9
2023-09-19,0.0,126.85000000000001,126.85000000000001,9.0,2023,9
2023-09-20,0.0,288.545,288.545,9.0,2023,9
2023-09-21,0.0,98.28,98.28,9.0,2023,9
2023-09-22,0.0,85.47250000000001,85.47250000000001,9.0,2023,9
2023-09-23,0.0,83.8675,83.8675,9.0,2023,9
2023-09-24,0.0,84.15,84.15,9.0,2023,9
2023-09-25,0.0,111.205,111.205,9.0,2023,9
2023-09-26,42.260000000000005,74.9025,32.6425,0.0,2023,9
2023-09-27,56.9425,126.2525,69.31,0.0,2023,9
2023-09-28,8.2775,113.105,104.8275,1.0,2023,9
2023-09-29,57.550000000000004,85.52,27.96999999999999,0.0,2023,9
2023-09-30,19.9825,78.93,58.947500000000005,1.0,2023,9
2023-10-01,93.94749999999999,193.625,99.67750000000001,0.0,2023,10
2023-10-02,0.0,139.0475,139.0475,5.0,2023,10
2023-10-03,0.0,81.41749999999999,81.41749999999999,6.0,2023,10
2023-10-04,0.0,76.115,76.115,9.0,2023,10
2023-10-05,0.0,92.445,92.445,9.0,2023,10
2023-10-06,0.0,103.1225,103.1225,4.0,2023,10
2023-10-07,0.0,71.8,71.8,9.0,2023,10
2023-10-08,0.0,69.45750000000001,69.45750000000001,9.0,2023,10
2023-10-09,0.0,94.06,94.06,9.0,2023,10
2023-10-10,0.0,79.1825,79.1825,9.0,2023,10
2023-10-11,0.0,71.1875,71.1875,9.0,2023,10
2023-10-12,0.0,90.0475,90.0475,9.0,2023,10
2023-10-13,0.0,72.9075,72.9075,9.0,2023,10
2023-10-14,0.0,75.315,75.315,9.0,2023,10
2023-10-15,0.0,71.33,71.33,9.0,2023,10
2023-10-16,0.0,75.495,75.495,9.0,2023,10
2023-10-17,0.0,96.895,96.895,9.0,2023,10
2023-10-18,0.0,69.91,69.91,9.0,2023,10
2023-10-19,0.0,70.8375,70.8375,9.0,2023,10
2023-10-20,0.0,95.4575,95.4575,9.0,2023,10
2023-10-21,0.0,66.05,66.05,9.0,2023,10
2023-10-22,0.0,94.215,94.215,9.0,2023,10
2023-10-23,0.0,69.3725,69.3725,9.0,2023,10
2023-10-24,0.0,72.05250000000001,72.05250000000001,9.0,2023,10
2023-10-25,0.0,81.3675,81.3675,9.0,2023,10
2023-10-26,0.0,85.06,85.06,9.0,2023,10
2023-10-27,0.0,95.34,95.34,9.0,2023,10
2023-10-28,0.0,88.4075,88.4075,9.0,2023,10
2023-10-29,0.0,74.6475,74.6475,9.0,2023,10
2023-10-30,0.0,89.16,89.16,9.0,2023,10
2023-10-31,0.0,74.11,74.11,9.0,2023,10
2023-11-01,0.0,132.8125,132.8125,9.0,2023,11
2023-11-02,0.0,80.46000000000001,80.46000000000001,9.0,2023,11
2023-11-03,0.0,104.525,104.525,9.0,2023,11
2023-11-04,0.0,108.63999999999999,108.63999999999999,9.0,2023,11
2023-11-05,0.0,72.19749999999999,72.19749999999999,9.0,2023,11
2023-11-06,0.0,75.285,75.285,9.0,2023,11
2023-11-07,0.0,73.1225,73.1225,9.0,2023,11
2023-11-08,0.0,80.2575,80.2575,9.0,2023,11
2023-11-09,0.0,90.1125,90.1125,9.0,2023,11
2023-11-10,0.0,104.8025,104.8025,6.0,2023,11
2023-11-11,0.0,71.995,71.995,9.0,2023,11
2023-11-12,0.0,64.7275,64.7275,9.0,2023,11
2023-11-13,0.0,65.30499999999999,65.30499999999999,9.0,2023,11
2023-11-14,0.0,70.19,70.19,9.0,2023,11
2023-11-15,0.0,69.1325,69.1325,9.0,2023,11
2023-11-16,0.0,66.4,66.4,9.0,2023,11
2023-11-17,0.0,75.125,75.125,9.0,2023,11
2023-11-18,0.0,68.2025,68.2025,9.0,2023,11
2023-11-19,0.0,105.835,105.835,9.0,2023,11
2023-11-20,0.0,86.23,86.23,9.0,2023,11
2023-11-21,0.0,134.485,134.485,9.0,2023,11
2023-11-22,0.0,82.7975,82.7975,9.0,2023,11
2023-11-23,0.0,93.7925,93.7925,9.0,2023,11
2023-11-24,0.0,86.23750000000001,86.23750000000001,9.0,2023,11
2023-11-25,0.0,70.5425,70.5425,9.0,2023,11
2023-11-26,0.0,118.2375,118.2375,9.0,2023,11
2023-11-27,0.0,117.51250000000002,117.51250000000002,9.0,2023,11
2023-11-28,0.0,71.185,71.185,9.0,2023,11
2023-11-29,0.0,75.24,75.24,9.0,2023,11
2023-11-30,0.0,95.13749999999999,95.13749999999999,9.0,2023,11
2023-12-01,0.0,69.38,69.38,9.0,2023,12
2023-12-02,0.0,71.78999999999999,71.78999999999999,9.0,2023,12
2023-12-03,0.0,72.8175,72.8175,9.0,2023,12
2023-12-04,0.0,149.4825,149.4825,9.0,2023,12
2023-12-05,0.0,79.97,79.97,9.0,2023,12
2023-12-06,0.0,89.0025,89.0025,9.0,2023,12
2023-12-07,0.0,82.12,82.12,9.0,2023,12
2023-12-08,0.0,61.989999999999995,61.989999999999995,9.0,2023,12
2023-12-09,0.0,18.055,18.055,9.0,2023,12
2023-12-10,0.0,45.457499999999996,45.457499999999996,9.0,2023,12
2023-12-11,0.0,99.44749999999999,99.44749999999999,9.0,2023,12
2023-12-12,0.0,86.05499999999999,86.05499999999999,9.0,2023,12
2023-12-13,0.0,106.045,106.045,9.0,2023,12
2023-12-14,0.0,77.285,77.285,9.0,2023,12
2023-12-15,0.0,101.735,101.735,9.0,2023,12
2023-12-16,0.0,143.3025,143.3025,9.0,2023,12
2023-12-17,0.0,92.285,92.285,9.0,2023,12
2023-12-18,0.0,140.70749999999998,140.70749999999998,9.0,2023,12
2023-12-19,0.0,163.9875,163.9875,9.0,2023,12
2023-12-20,0.0,88.73,88.73,9.0,2023,12
2023-12-21,0.0,81.59,81.59,9.0,2023,12
2023-12-22,0.0,82.78999999999999,82.78999999999999,9.0,2023,12
2023-12-23,0.0,137.415,137.415,9.0,2023,12
2023-12-24,0.0,68.975,68.975,9.0,2023,12
2023-12-25,0.0,70.22,70.22,9.0,2023,12
2023-12-26,0.0,243.0,243.0,9.0,2023,12
2023-12-27,0.0,165.36,165.36,9.0,2023,12
2023-12-28,0.0,89.0375,89.0375,4.0,2023,12
2023-12-29,0.0,85.475,85.475,9.0,2023,12
2023-12-30,0.0,81.3675,81.3675,9.0,2023,12
2023-12-31,0.0,63.352500000000006,63.352500000000006,9.0,2023,12
2024-01-01,0.0,59.0475,59.0475,9.0,2024,1
2024-01-02,0.0,97.90499999999999,97.90499999999999,9.0,2024,1
2024-01-03,0.0,75.61749999999999,75.61749999999999,9.0,2024,1
2024-01-04,0.0,95.05250000000001,95.05250000000001,9.0,2024,1
2024-01-05,0.0,119.88749999999999,119.88749999999999,9.0,2024,1
2024-01-06,0.0,94.1375,94.1375,9.0,2024,1
2024-01-07,0.0,71.15,71.15,9.0,2024,1
2024-01-08,0.0,64.7925,64.7925,9.0,2024,1
2024-01-09,0.0,72.455,72.455,9.0,2024,1
2024-01-10,0.0,64.8125,64.8125,9.0,2024,1
2024-01-11,0.0,61.925,61.925,9.0,2024,1
2024-01-12,0.0,72.63749999999999,72.63749999999999,9.0,2024,1
2024-01-13,0.0,66.3725,66.3725,9.0,2024,1
2024-01-14,0.0,61.192499999999995,61.192499999999995,9.0,2024,1
2024-01-15,0.0,73.92750000000001,73.92750000000001,9.0,2024,1
2024-01-16,0.0,72.945,72.945,9.0,2024,1
2024-01-17,0.0,64.13250000000001,64.13250000000001,9.0,2024,1
2024-01-18,0.0,71.78,71.78,9.0,2024,1
2024-01-19,0.0,72.16999999999999,72.16999999999999,9.0,2024,1
2024-01-20,0.0,74.6125,74.6125,9.0,2024,1
2024-01-21,0.0,68.905,68.905,9.0,2024,1
2024-01-22,0.0,238.4925,238.4925,9.0,2024,1
2024-01-23,0.0,75.51,75.51,9.0,2024,1
2024-01-24,0.0,77.06,77.06,9.0,2024,1
2024-01-25,0.0,133.055,133.055,9.0,2024,1
2024-01-26,0.0,96.2675,96.2675,8.0,2024,1
2024-01-27,0.0,88.855,88.855,9.0,2024,1
2024-01-28,0.0,71.7825,71.7825,9.0,2024,1
2024-01-29,0.0,199.02499999999998,199.02499999999998,9.0,2024,1
2024-01-30,0.0,91.27250000000001,91.27250000000001,9.0,2024,1
2024-01-31,0.0,129.0725,129.0725,9.0,2024,1
2024-02-01,0.0,77.6525,77.6525,9.0,2024,2
2024-02-02,0.0,73.05,73.05,9.0,2024,2
2024-02-03,0.0,82.50750000000001,82.50750000000001,9.0,2024,2
2024-02-04,0.0,80.61,80.61,9.0,2024,2
2024-02-05,0.0,260.1175,260.1175,9.0,2024,2
2024-02-06,0.0,107.87,107.87,9.0,2024,2
2024-02-07,0.0,96.0775,96.0775,9.0,2024,2
2024-02-08,0.0,149.5025,149.5025,9.0,2024,2
2024-02-09,0.0,234.65500000000003,234.65500000000003,9.0,2024,2
2024-02-10,0.0,83.65,83.65,9.0,2024,2
2024-02-11,0.0,69.235,69.235,9.0,2024,2
2024-02-12,0.0,102.6825,102.6825,9.0,2024,2
2024-02-13,0.0,113.97999999999999,113.97999999999999,9.0,2024,2
2024-02-14,0.0,201.12249999999997,201.12249999999997,9.0,2024,2
2024-02-15,0.0,170.9625,170.9625,9.0,2024,2
2024-02-16,0.0,87.995,87.995,9.0,2024,2
2024-02-17,0.0,74.39,74.39,9.0,2024,2
2024-02-18,0.0,89.5125,89.5125,9.0,2024,2
2024-02-19,0.0,97.5375,97.5375,8.0,2024,2
2024-02-20,0.0,142.64,142.64,6.0,2024,2
2024-02-21,0.0,147.26,147.26,9.0,2024,2
2024-02-22,0.0,106.2375,106.2375,6.0,2024,2
2024-02-23,0.0,93.5,93.5,9.0,2024,2
2024-02-24,0.0,77.3325,77.3325,9.0,2024,2
2024-02-25,0.0,75.775,75.775,9.0,2024,2
2024-02-26,0.0,143.38,143.38,9.0,2024,2
2024-02-27,0.0,94.7625,94.7625,9.0,2024,2
2024-02-28,0.0,90.44500000000001,90.44500000000001,9.0,2024,2
2024-02-29,0.0,91.35000000000001,91.35000000000001,9.0,2024,2
2024-03-01,0.0,91.30000000000001,91.30000000000001,9.0,2024,3
2024-03-02,0.0,86.27499999999999,86.27499999999999,9.0,2024,3
2024-03-03,0.0,73.42,73.42,9.0,2024,3
2024-03-04,0.0,104.885,104.885,9.0,2024,3
2024-03-05,0.0,88.2575,88.2575,9.0,2024,3
2024-03-06,0.0,86.8875,86.8875,9.0,2024,3
2024-03-07,0.0,92.5175,92.5175,9.0,2024,3
2024-03-08,0.0,77.6,77.6,9.0,2024,3
2024-03-09,0.0,80.245,80.245,9.0,2024,3
2024-03-10,0.0,81.19999999999999,81.19999999999999,9.0,2024,3
2024-03-11,0.0,89.6175,89.6175,9.0,2024,3
2024-03-12,0.0,86.22,86.22,9.0,2024,3
2024-03-13,0.0,82.6575,82.6575,9.0,2024,3
2024-03-14,0.0,71.5,71.5,9.0,2024,3
2024-03-15,0.0,80.985,80.985,9.0,2024,3
2024-03-16,0.0,108.565,108.565,9.0,2024,3
2024-03-17,0.0,88.6725,88.6725,9.0,2024,3
2024-03-18,0.0,131.7875,131.7875,9.0,2024,3
2024-03-19,0.0,120.1275,120.1275,9.0,2024,3
2024-03-20,51.485,105.055,53.57000000000001,0.0,2024,3
2024-03-21,0.0,188.61249999999998,188.61249999999998,9.0,2024,3
2024-03-22,0.0,214.465,214.465,9.0,2024,3
2024-03-23,0.0,115.17250000000001,115.17250000000001,9.0,2024,3
2024-03-24,0.0,70.6975,70.6975,9.0,2024,3
2024-03-25,0.0,87.91,87.91,9.0,2024,3
2024-03-26,0.0,96.6575,96.6575,8.0,2024,3
2024-03-27,0.0,92.40249999999999,92.40249999999999,8.0,2024,3
2024-03-28,0.0,118.78999999999999,118.78999999999999,9.0,2024,3
2024-03-29,0.0,107.5225,107.5225,9.0,2024,3
2024-03-30,0.0,81.155,81.155,9.0,2024,3
2024-03-31,0.0,95.87249999999999,95.87249999999999,9.0,2024,3
2024-04-01,0.0,84.5625,84.5625,8.0,2024,4
2024-04-02,0.0,113.95,113.95,4.0,2024,4
2024-04-03,0.0,85.005,85.005,7.0,2024,4
2024-04-04,0.0,79.2125,79.2125,8.0,2024,4
2024-04-05,0.0,71.115,71.115,9.0,2024,4
2024-04-06,0.0,88.8425,88.8425,9.0,2024,4
2024-04-07,0.0,75.27000000000001,75.27000000000001,9.0,2024,4
2024-04-08,0.0,79.515,79.515,8.0,2024,4
2024-04-09,0.0,86.16499999999999,86.16499999999999,8.0,2024,4
2024-04-10,0.0,107.405,107.405,7.0,2024,4
2024-04-11,0.0,126.625,126.625,5.0,2024,4
2024-04-12,83.4125,101.0025,17.590000000000003,1.0,2024,4
2024-04-13,0.0,119.625,119.625,6.0,2024,4
2024-04-14,0.0,104.22,104.22,6.0,2024,4
2024-04-15,0.0,101.5775,101.5775,6.0,2024,4
2024-04-16,0.0,91.41,91.41,7.0,2024,4
2024-04-17,0.0,100.4425,100.4425,7.0,2024,4
2024-04-18,0.0,108.5275,108.5275,7.0,2024,4
2024-04-19,67.555,115.5075,47.952499999999986,0.0,2024,4
2024-04-20,7.334999999999999,114.275,106.94000000000001,2.0,2024,4
2024-04-21,0.0,130.1,130.1,8.0,2024,4
2024-04-22,37.620000000000005,148.45000000000002,110.83000000000001,0.0,2024,4
2024-04-23,0.0,202.42,202.42,7.0,2024,4
2024-04-24,0.0,105.92249999999999,105.92249999999999,8.0,2024,4
2024-04-25,0.0,84.065,84.065,9.0,2024,4
2024-04-26,0.0,82.2825,82.2825,8.0,2024,4
2024-04-27,0.0,98.30000000000001,98.30000000000001,8.0,2024,4
2024-04-28,0.0,209.84250000000003,209.84250000000003,8.0,2024,4
2024-04-29,24.4,135.065,110.66499999999999,0.0,2024,4
2024-04-30,0.0,79.8925,79.8925,6.0,2024,4
2024-05-01,0.0,97.58,97.58,6.0,2024,5
2024-05-02,68.36,107.54,39.18000000000001,0.0,2024,5
2024-05-03,24.865000000000002,114.065,89.19999999999999,1.0,2024,5
2024-05-04,0.0,104.865,104.865,8.0,2024,5
2024-05-05,29.5875,108.4575,78.87,1.0,2024,5
2024-05-06,0.0,134.525,134.525,8.0,2024,5
2024-05-07,109.82499999999999,163.0375,53.212500000000006,0.0,2024,5
2024-05-08,0.0,108.0,108.0,7.0,2024,5
2024-05-09,21.8875,135.025,113.1375,2.0,2024,5
2024-05-10,88.53,145.665,57.13499999999999,0.0,2024,5
2024-05-11,43.239999999999995,107.745,64.50500000000001,1.0,2024,5
2024-05-12,0.0,92.89500000000001,92.89500000000001,8.0,2024,5
2024-05-13,80.20750000000001,126.155,45.94749999999999,0.0,2024,5
2024-05-14,70.5475,236.33749999999998,165.78999999999996,0.0,2024,5
2024-05-15,101.925,247.39499999999998,145.46999999999997,0.0,2024,5
2024-05-16,72.94500000000001,142.455,69.51,0.0,2024,5
2024-05-17,77.4425,143.815,66.3725,0.0,2024,5
2024-05-18,0.0,116.82000000000001,116.82000000000001,8.0,2024,5
2024-05-19,0.0,129.54250000000002,129.54250000000002,4.0,2024,5
2024-05-20,115.60249999999999,92.4075,-23.194999999999993,0.0,2024,5
2024-05-21,44.9,150.51999999999998,105.61999999999998,0.0,2024,5
2024-05-22,134.35750000000002,307.6425,173.28499999999997,0.0,2024,5
2024-05-23,68.49,243.4875,174.9975,0.0,2024,5
2024-05-24,104.175,267.7775,163.60249999999996,0.0,2024,5
2024-05-25,82.05749999999999,274.03249999999997,191.97499999999997,0.0,2024,5
2024-05-26,64.58250000000001,199.41500000000002,134.8325,0.0,2024,5
2024-05-27,117.57000000000001,295.09,177.51999999999998,0.0,2024,5
2024-05-28,61.235,220.165,158.93,0.0,2024,5
2024-05-29,78.3525,196.32500000000002,117.97250000000001,0.0,2024,5
2024-05-30,35.68,132.95749999999998,97.27749999999997,0.0,2024,5
2024-05-31,69.41499999999999,121.52,52.105000000000004,0.0,2024,5
2024-06-01,0.0,104.005,104.005,8.0,2024,6
2024-06-02,0.0,107.64750000000001,107.64750000000001,5.0,2024,6
2024-06-03,75.7025,101.12,25.417500000000004,0.0,2024,6
2024-06-04,68.17250000000001,93.63250000000001,25.459999999999994,0.0,2024,6
2024-06-05,45.875,82.8875,37.0125,0.0,2024,6
2024-06-06,4.87,85.8475,80.97749999999999,2.0,2024,6
2024-06-07,0.0,86.215,86.215,7.0,2024,6
2024-06-08,0.0,64.8225,64.8225,7.0,2024,6
2024-06-09,0.0,82.48,82.48,4.0,2024,6
2024-06-10,19.244999999999997,86.67750000000001,67.4325,0.0,2024,6
2024-06-11,21.5175,106.7725,85.255,1.0,2024,6
2024-06-12,0.0,78.945,78.945,7.0,2024,6
2024-06-13,0.0,92.8275,92.8275,6.0,2024,6
2024-06-14,0.0,90.01,90.01,4.0,2024,6
2024-06-15,0.0,92.8,92.8,7.0,2024,6
2024-06-16,0.0,76.28750000000001,76.28750000000001,8.0,2024,6
2024-06-17,21.950000000000003,79.33500000000001,57.385000000000005,1.0,2024,6
2024-06-18,21.1375,120.0125,98.875,0.0,2024,6
2024-06-19,0.0,127.3375,127.3375,7.0,2024,6
2024-06-20,0.0,71.28999999999999,71.28999999999999,7.0,2024,6
2024-06-21,37.2025,102.815,65.6125,1.0,2024,6
2024-06-22,35.6575,88.4025,52.745000000000005,1.0,2024,6
2024-06-23,0.0,87.38,87.38,8.0,2024,6
2024-06-24,38.9275,70.29499999999999,31.367499999999986,0.0,2024,6
2024-06-25,0.0,71.50750000000001,71.50750000000001,8.0,2024,6
2024-06-26,0.0,88.125,88.125,6.0,2024,6
2024-06-27,0.0,83.37,83.37,7.0,2024,6
2024-06-28,0.0,72.54249999999999,72.54249999999999,5.0,2024,6
2024-06-29,0.0,71.895,71.895,8.0,2024,6
2024-06-30,0.0,66.75999999999999,66.75999999999999,8.0,2024,6
2024-07-01,0.0,59.080000000000005,59.080000000000005,8.0,2024,7
2024-07-02,0.0,65.745,65.745,8.0,2024,7
2024-07-03,0.0,79.4075,79.4075,7.0,2024,7
2024-07-04,0.0,87.24,87.24,8.0,2024,7
2024-07-05,0.0,74.32749999999999,74.32749999999999,8.0,2024,7
2024-07-06,0.0,73.7975,73.7975,7.0,2024,7
2024-07-07,0.0,58.75000000000001,58.75000000000001,8.0,2024,7
2024-07-08,0.0,79.89,79.89,8.0,2024,7
2024-07-09,4.1625,89.9075,85.745,3.0,2024,7
2024-07-10,0.0,74.21,74.21,4.0,2024,7
2024-07-11,32.2225,75.0125,42.790000000000006,0.0,2024,7
2024-07-12,29.502499999999998,113.54249999999999,84.03999999999999,0.0,2024,7
2024-07-13,0.0,88.8775,88.8775,4.0,2024,7
2024-07-14,0.0,70.0375,70.0375,6.0,2024,7
2024-08-01,54.408255,82.84396375000001,28.435708750000018,0.0,2024,8
2024-08-02,27.337429999999998,53.8902375,26.5528075,1.0,2024,8
2024-08-03,0.0,63.693003125000004,63.693003125000004,8.0,2024,8
2024-08-04,0.0,61.982342499999994,61.982342499999994,8.0,2024,8
2024-08-05,30.261220625,99.413010625,69.15179,0.0,2024,8
2024-08-06,0.0,89.07263499999999,89.07263499999999,8.0,2024,8
2024-08-07,13.039976875,75.478743125,62.43876624999999,2.0,2024,8
2024-08-08,0.0,78.820391875,78.820391875,8.0,2024,8
2024-08-09,0.0,113.542164375,113.542164375,8.0,2024,8
2024-08-10,0.0,67.8738025,67.8738025,8.0,2024,8
2024-08-11,0.0,63.125601875,63.125601875,8.0,2024,8
2024-08-12,0.0,67.35823875,67.35823875,8.0,2024,8
2024-08-13,0.0,70.3340925,70.3340925,6.0,2024,8
2024-08-14,38.64880875,66.62534,27.976531249999994,0.0,2024,8
2024-08-15,0.0,68.33040625,68.33040625,5.0,2024,8
2024-08-16,19.61630875,62.68931499999999,43.07300624999999,1.0,2024,8
2024-08-17,0.0,69.17069562500001,69.17069562500001,6.0,2024,8
2024-08-18,0.0,114.167320625,114.167320625,7.0,2024,8
2024-08-19,55.458774999999996,99.80650437499999,44.34772937499999,0.0,2024,8
2024-08-20,4.83785875,75.2282625,70.39040375,2.0,2024,8
2024-08-21,0.0,86.33160437500001,86.33160437500001,4.0,2024,8
2024-08-22,0.0,68.5033325,68.5033325,6.0,2024,8
2024-08-23,0.0,79.8521575,79.8521575,5.0,2024,8
2024-08-24,0.0,70.93528124999999,70.93528124999999,8.0,2024,8
2024-08-25,0.0,73.37714875,73.37714875,8.0,2024,8
2024-08-26,0.0,70.153451875,70.153451875,8.0,2024,8
2024-08-27,0.0,75.87914875,75.87914875,8.0,2024,8
2024-08-28,0.0,68.70927312500001,68.70927312500001,8.0,2024,8
2024-08-29,68.41575,92.56896375,24.153213749999992,0.0,2024,8
2024-08-30,0.0,75.94333687500001,75.94333687500001,4.0,2024,8
2024-08-31,0.0,90.94515000000001,90.94515000000001,8.0,2024,8
2024-09-01,0.0,63.925543125,63.925543125,9.0,2024,9
2024-09-02,0.0,62.26761562499999,62.26761562499999,9.0,2024,9
2024-09-03,0.0,72.485699375,72.485699375,8.0,2024,9
2024-09-04,0.0,63.042050625,63.042050625,9.0,2024,9
2024-09-05,0.0,66.94974500000001,66.94974500000001,4.0,2024,9
2024-09-06,0.0,70.80347437500001,70.80347437500001,8.0,2024,9
2024-09-07,0.0,74.24552125,74.24552125,5.0,2024,9
2024-09-08,0.0,75.943101875,75.943101875,9.0,2024,9
2024-09-09,0.0,74.295406875,74.295406875,9.0,2024,9
2024-09-10,0.0,98.273294375,98.273294375,9.0,2024,9
2024-09-11,0.0,75.44136125,75.44136125,9.0,2024,9
2024-09-12,0.0,85.80426625,85.80426625,9.0,2024,9
2024-09-13,0.0,78.215425,78.215425,9.0,2024,9
2024-09-14,0.0,68.87865375,68.87865375,9.0,2024,9
2024-09-15,0.0,59.07725562500001,59.07725562500001,9.0,2024,9
2024-09-16,0.0,56.72013125000001,56.72013125000001,9.0,2024,9
2024-09-17,0.0,66.7529825,66.7529825,9.0,2024,9
2024-09-18,0.0,71.64684,71.64684,9.0,2024,9
2024-09-19,0.0,70.31674375,70.31674375,9.0,2024,9
2024-09-20,0.0,53.675244375,53.675244375,9.0,2024,9
2024-09-21,0.0,67.54039,67.54039,9.0,2024,9
2024-09-22,0.0,62.45924125,62.45924125,9.0,2024,9
2024-09-23,6.67432625,97.038089375,90.36376312499999,2.0,2024,9
2024-09-24,0.0,74.2103225,74.2103225,9.0,2024,9
2024-09-25,0.0,81.083665625,81.083665625,9.0,2024,9
2024-09-26,0.0,112.3277775,112.3277775,9.0,2024,9
2024-09-27,0.0,106.730628125,106.730628125,9.0,2024,9
2024-09-28,0.0,84.735810625,84.735810625,9.0,2024,9
2024-09-29,0.0,72.14896375000001,72.14896375000001,9.0,2024,9
2024-09-30,0.900869375,71.31936437499999,70.418495,3.0,2024,9
2024-10-01,0.0,65.20959875,65.20959875,9.0,2024,10
2024-10-02,0.0,66.385551875,66.385551875,9.0,2024,10
2024-10-03,0.0,165.344819375,165.344819375,9.0,2024,10
2024-10-04,0.0,175.83066625,175.83066625,9.0,2024,10
2024-10-05,0.0,79.75932937500001,79.75932937500001,9.0,2024,10
2024-10-06,0.0,110.60577,110.60577,9.0,2024,10
2024-10-07,0.0,84.10644562499999,84.10644562499999,8.0,2024,10
2024-10-08,0.0,138.43080375,138.43080375,4.0,2024,10
2024-10-09,0.0,55.40899937500001,55.40899937500001,8.0,2024,10
2024-10-10,0.0,78.0158125,78.0158125,9.0,2024,10
2024-10-11,0.0,72.65380625,72.65380625,9.0,2024,10
2024-10-12,0.0,56.21886562500001,56.21886562500001,9.0,2024,10
2024-10-13,0.0,54.567068125,54.567068125,9.0,2024,10
2024-10-14,0.0,48.220386874999996,48.220386874999996,9.0,2024,10
2024-10-15,0.0,178.6154075,178.6154075,9.0,2024,10
2024-10-16,0.0,87.615820625,87.615820625,9.0,2024,10
2024-10-17,0.0,66.19633125,66.19633125,9.0,2024,10
2024-10-18,0.0,66.897470625,66.897470625,9.0,2024,10
2024-10-19,0.0,61.185920625,61.185920625,9.0,2024,10
2024-10-20,0.0,87.0689825,87.0689825,9.0,2024,10
2024-10-21,0.0,56.6276225,56.6276225,9.0,2024,10
2024-10-22,0.0,76.04552,76.04552,9.0,2024,10
2024-10-23,0.0,59.668665,59.668665,9.0,2024,10
2024-10-24,0.0,58.129051875,58.129051875,9.0,2024,10
2024-10-25,0.0,45.5306,45.5306,9.0,2024,10
2024-10-26,0.0,45.772409999999994,45.772409999999994,9.0,2024,10
2024-10-27,0.0,26.11489375,26.11489375,9.0,2024,10
2024-10-28,0.0,85.164925625,85.164925625,9.0,2024,10
2024-10-29,0.0,84.882851875,84.882851875,9.0,2024,10
2024-10-30,0.0,82.22665125,82.22665125,9.0,2024,10
2024-10-31,0.0,56.81013374999999,56.81013374999999,9.0,2024,10
2024-11-01,0.0,74.76112125,74.76112125,9.0,2024,11
2024-11-02,0.0,56.11156375,56.11156375,9.0,2024,11
2024-11-03,0.0,60.105224375,60.105224375,9.0,2024,11
2024-11-04,0.0,67.60501,67.60501,9.0,2024,11
2024-11-05,0.0,71.6882375,71.6882375,9.0,2024,11
2024-11-06,0.0,55.20105937500001,55.20105937500001,9.0,2024,11
2024-11-07,0.0,68.0294775,68.0294775,9.0,2024,11
2024-11-08,0.0,128.423084375,128.423084375,9.0,2024,11
2024-11-09,0.0,74.71892875,74.71892875,9.0,2024,11
2024-11-10,0.0,52.24901750000001,52.24901750000001,9.0,2024,11
2024-11-11,0.0,54.057238125000005,54.057238125000005,9.0,2024,11
2024-11-12,0.0,73.7651375,73.7651375,9.0,2024,11
2024-11-13,0.0,73.89743937499999,73.89743937499999,9.0,2024,11
2024-11-14,0.0,73.73418749999999,73.73418749999999,9.0,2024,11
2024-11-15,0.0,65.129595,65.129595,9.0,2024,11
2024-11-16,0.0,41.665016875,41.665016875,9.0,2024,11
2024-11-17,0.0,24.818368125,24.818368125,9.0,2024,11
2024-11-18,0.0,89.51700124999999,89.51700124999999,9.0,2024,11
2024-11-19,0.0,68.05078999999999,68.05078999999999,9.0,2024,11
2024-11-20,0.0,66.037545,66.037545,9.0,2024,11
2024-11-21,0.0,53.286449999999995,53.286449999999995,9.0,2024,11
2024-11-22,0.0,76.1642425,76.1642425,9.0,2024,11
2024-11-23,0.0,84.998693125,84.998693125,9.0,2024,11
2024-11-24,0.0,58.038071875,58.038071875,9.0,2024,11
2024-11-25,0.0,97.17691562499999,97.17691562499999,9.0,2024,11
2024-11-26,0.0,68.101281875,68.101281875,9.0,2024,11
2024-11-27,0.0,56.88115125,56.88115125,9.0,2024,11
2024-11-28,0.0,78.50073875,78.50073875,9.0,2024,11
2024-11-29,0.0,72.298805,72.298805,9.0,2024,11
2024-11-30,0.0,69.021720625,69.021720625,9.0,2024,11
2024-12-01,0.0,53.117961875,53.117961875,9.0,2024,12
2024-12-02,0.0,65.233703125,65.233703125,9.0,2024,12
2024-12-03,0.0,70.8536725,70.8536725,9.0,2024,12
2024-12-04,0.0,70.0942725,70.0942725,9.0,2024,12
2024-12-05,0.0,76.198359375,76.198359375,7.0,2024,12
2024-12-06,0.0,59.298729375,59.298729375,9.0,2024,12
2024-12-07,0.0,70.52903375,70.52903375,9.0,2024,12
2024-12-08,0.0,58.815716875,58.815716875,9.0,2024,12
2024-12-09,0.0,69.10716562500001,69.10716562500001,9.0,2024,12
2024-12-10,0.0,71.125669375,71.125669375,9.0,2024,12
2024-12-11,0.0,104.9491975,104.9491975,9.0,2024,12
2024-12-12,0.0,71.421948125,71.421948125,9.0,2024,12
2024-12-13,0.0,63.125981875,63.125981875,9.0,2024,12
2024-12-14,0.0,67.282810625,67.282810625,9.0,2024,12
2024-12-15,0.0,60.08136375,60.08136375,9.0,2024,12
2024-12-16,0.0,63.554330625000006,63.554330625000006,9.0,2024,12
2024-12-17,0.0,61.36506625,61.36506625,6.0,2024,12
2024-12-18,0.0,59.79728875000001,59.79728875000001,9.0,2024,12
2024-12-19,0.0,69.12529187499999,69.12529187499999,9.0,2024,12
2024-12-20,0.0,73.39122499999999,73.39122499999999,9.0,2024,12
2024-12-21,0.0,63.789308125000005,63.789308125000005,9.0,2024,12
2024-12-22,0.0,70.71838375,70.71838375,9.0,2024,12
2024-12-23,0.0,77.85688375000001,77.85688375000001,9.0,2024,12
2024-12-24,0.0,90.267688125,90.267688125,9.0,2024,12
2024-12-25,0.0,76.51781687500001,76.51781687500001,9.0,2024,12
2024-12-26,0.0,169.221314375,169.221314375,7.0,2024,12
2024-12-27,0.0,101.065816875,101.065816875,5.0,2024,12
2024-12-28,0.0,95.92861500000001,95.92861500000001,9.0,2024,12
2024-12-29,0.0,65.03467500000001,65.03467500000001,9.0,2024,12
2024-12-30,0.0,114.95923249999998,114.95923249999998,7.0,2024,12
2024-12-31,0.0,78.18140875,78.18140875,9.0,2024,12
2025-01-01,0.0,61.226457499999995,61.226457499999995,9.0,2025,1
2025-01-02,0.0,70.51844625000001,70.51844625000001,9.0,2025,1
2025-01-03,0.0,74.667113125,74.667113125,9.0,2025,1
2025-01-04,0.0,70.728416875,70.728416875,9.0,2025,1
2025-01-05,0.0,72.56125499999999,72.56125499999999,9.0,2025,1
2025-01-06,0.0,75.008764375,75.008764375,9.0,2025,1
2025-01-07,0.0,73.47931375,73.47931375,9.0,2025,1
2025-01-08,0.0,72.96570062500001,72.96570062500001,6.0,2025,1
2025-01-09,0.0,75.39745875,75.39745875,6.0,2025,1
2025-01-10,0.949700625,174.10623312500002,173.15653250000003,3.0,2025,1
2025-01-11,0.0,80.06450187499999,80.06450187499999,9.0,2025,1
2025-01-12,0.0,77.3997425,77.3997425,9.0,2025,1
2025-01-13,0.0,80.93143375,80.93143375,9.0,2025,1
2025-01-14,0.0,87.6768825,87.6768825,9.0,2025,1
2025-01-15,0.0,92.43857249999999,92.43857249999999,9.0,2025,1
2025-01-16,0.0,90.279516875,90.279516875,9.0,2025,1
2025-01-17,0.0,61.494116874999996,61.494116874999996,9.0,2025,1
2025-01-18,0.0,62.314912500000005,62.314912500000005,9.0,2025,1
2025-01-19,0.0,66.42459812499999,66.42459812499999,9.0,2025,1
2025-01-20,0.0,83.57806375000001,83.57806375000001,7.0,2025,1
2025-01-21,0.0,87.36055812500001,87.36055812500001,9.0,2025,1
2025-01-22,0.0,78.75904375,78.75904375,9.0,2025,1
2025-01-23,29.001199375,92.707685,63.706485625,1.0,2025,1
2025-01-24,0.0,81.25063875000001,81.25063875000001,9.0,2025,1
2025-01-25,0.0,79.51803437499998,79.51803437499998,9.0,2025,1
2025-01-26,0.0,143.81458375,143.81458375,9.0,2025,1
2025-01-27,0.0,183.89961,183.89961,7.0,2025,1
2025-01-28,0.0,80.71797000000001,80.71797000000001,9.0,2025,1
2025-01-29,0.0,80.99477625,80.99477625,9.0,2025,1
2025-01-30,0.0,77.79368875,77.79368875,9.0,2025,1
2025-01-31,0.0,97.87964,97.87964,9.0,2025,1
2025-02-01,0.0,73.45711375,73.45711375,9.0,2025,2
2025-02-02,0.0,79.057635,79.057635,9.0,2025,2
2025-02-03,0.0,100.49282062500001,100.49282062500001,9.0,2025,2
2025-02-04,0.0,99.427695,99.427695,9.0,2025,2
2025-02-05,0.0,192.38947374999998,192.38947374999998,9.0,2025,2
2025-02-06,0.0,90.91606687500001,90.91606687500001,9.0,2025,2
2025-02-07,0.0,85.59188499999999,85.59188499999999,9.0,2025,2
2025-02-08,0.0,102.2789725,102.2789725,9.0,2025,2
2025-02-09,0.0,85.75269437499999,85.75269437499999,9.0,2025,2
2025-02-10,0.0,138.571754375,138.571754375,9.0,2025,2
2025-02-11,0.0,167.086533125,167.086533125,9.0,2025,2
2025-02-12,0.0,93.56290312499999,93.56290312499999,9.0,2025,2
2025-02-13,0.0,86.573635,86.573635,9.0,2025,2
2025-02-14,0.0,90.01015875,90.01015875,9.0,2025,2
2025-02-15,0.0,86.70170625,86.70170625,9.0,2025,2
2025-02-16,0.0,88.098061875,88.098061875,9.0,2025,2
2025-02-17,0.0,81.243565,81.243565,9.0,2025,2
2025-02-18,0.0,111.27745687500001,111.27745687500001,9.0,2025,2
2025-02-19,0.0,193.74275187499998,193.74275187499998,7.0,2025,2
2025-02-20,0.0,159.854005,159.854005,4.0,2025,2
2025-02-21,0.0,89.25682499999999,89.25682499999999,9.0,2025,2
2025-02-22,0.0,90.68598125,90.68598125,9.0,2025,2
2025-02-23,0.0,88.09332312500001,88.09332312500001,9.0,2025,2
2025-02-24,0.0,135.72913625,135.72913625,7.0,2025,2
2025-02-25,61.541709999999995,576.819998,515.2782880000001,0.0,2025,2
2025-02-26,84.66809875,495.0763793750001,410.4082806250001,0.0,2025,2
2025-02-27,35.35150375,132.28436250000001,96.93285875000001,1.0,2025,2
2025-02-28,0.0,146.428953125,146.428953125,7.0,2025,2
2025-03-01,0.0,85.29200625,85.29200625,8.0,2025,3
2025-03-02,0.0,76.2876375,76.2876375,9.0,2025,3
2025-03-03,0.0,87.81586625,87.81586625,9.0,2025,3
2025-03-04,0.0,92.46439,92.46439,8.0,2025,3
2025-03-05,0.0,96.31655437500001,96.31655437500001,8.0,2025,3
2025-03-06,0.0,98.121918125,98.121918125,8.0,2025,3
2025-03-07,18.144193125,97.6208175,79.476624375,2.0,2025,3
2025-03-08,0.0,84.367740625,84.367740625,9.0,2025,3
2025-03-09,0.0,79.52698000000001,79.52698000000001,9.0,2025,3
2025-03-10,0.0,88.84086500000001,88.84086500000001,8.0,2025,3
2025-03-11,0.0,83.485663125,83.485663125,9.0,2025,3
2025-03-12,0.0,96.55222,96.55222,8.0,2025,3
2025-03-13,0.0,134.66917687499998,134.66917687499998,8.0,2025,3
2025-03-14,0.0,186.96128375,186.96128375,8.0,2025,3
2025-03-15,35.935036875,123.592233125,87.65719625,1.0,2025,3
2025-03-16,0.0,73.82592249999999,73.82592249999999,7.0,2025,3
2025-03-17,0.0,91.37124250000001,91.37124250000001,7.0,2025,3
2025-03-18,24.17249375,94.72416937500002,70.55167562500002,0.0,2025,3
2025-03-19,0.0,87.98294999999999,87.98294999999999,9.0,2025,3
2025-03-20,0.0,80.29462437500001,80.29462437500001,9.0,2025,3
2025-03-21,0.0,81.8772525,81.8772525,6.0,2025,3
2025-03-22,0.0,80.28474625,80.28474625,9.0,2025,3
2025-03-23,0.0,94.256065625,94.256065625,9.0,2025,3
2025-03-24,0.0,196.575699375,196.575699375,7.0,2025,3
2025-03-25,2.973669375,214.04145625,211.06778687500002,3.0,2025,3
2025-03-26,0.0,236.075515,236.075515,7.0,2025,3
2025-03-27,0.0,145.0906325,145.0906325,6.0,2025,3
2025-03-28,3.1146168750000003,173.432805625,170.31818875,2.0,2025,3
2025-03-29,0.0,149.34289,149.34289,9.0,2025,3
2025-03-30,5.22836125,82.442744375,77.214383125,3.0,2025,3
2025-03-31,0.0,79.75276249999999,79.75276249999999,9.0,2025,3
2025-04-01,0.0,145.3000825,145.3000825,5.0,2025,4
2025-04-02,28.51067375,186.22858000000002,157.71790625000003,0.0,2025,4
2025-04-03,0.0,170.868865625,170.868865625,9.0,2025,4
2025-04-04,8.953608124999999,177.63785812499998,168.68425,2.0,2025,4
2025-04-05,24.17739125,201.7426625,177.56527125,0.0,2025,4
2025-04-06,0.0,192.24648249999998,192.24648249999998,8.0,2025,4
2025-04-07,9.318853125,167.685585625,158.36673249999998,3.0,2025,4
2025-04-08,74.77512375,198.635395625,123.860271875,0.0,2025,4
2025-04-09,0.0,212.054624375,212.054624375,4.0,2025,4
2025-04-10,7.43066375,159.08354937500002,151.652885625,3.0,2025,4
2025-04-11,59.9057675,154.835860625,94.93009312500001,0.0,2025,4
2025-04-12,0.0,123.09776124999999,123.09776124999999,8.0,2025,4
2025-04-13,12.218193750000001,177.3191625,165.10096875,2.0,2025,4
2025-04-14,35.73088625,198.52915875,162.7982725,0.0,2025,4
2025-04-15,25.725664375,199.09092687499998,173.36526249999997,1.0,2025,4
2025-04-16,44.941240625,208.93154687499998,163.99030624999997,0.0,2025,4
2025-04-17,0.0,137.168111875,137.168111875,4.0,2025,4
2025-04-18,13.280321874999998,156.39637625,143.116054375,1.0,2025,4
2025-04-19,39.765559375,182.855323125,143.08976375,0.0,2025,4
2025-04-20,69.07729375,214.33272875,145.255435,0.0,2025,4
2025-04-21,147.403649375,219.705699375,72.30205000000001,0.0,2025,4
2025-04-22,41.964749375000004,158.795635,116.83088562500001,0.0,2025,4
2025-04-23,72.20683375,111.19767437499999,38.99084062499999,0.0,2025,4
2025-04-24,0.0,84.145185,84.145185,5.0,2025,4
2025-04-25,91.844105,110.912688125,19.068583125000004,0.0,2025,4
2025-04-26,50.101293749999996,110.50994937499999,60.408655624999994,0.0,2025,4
2025-04-27,28.932056250000002,82.1362475,53.204191249999994,0.0,2025,4
2025-04-28,0.54083375,123.7290975,123.18826374999999,3.0,2025,4
2025-04-29,46.262850625,190.30937125000003,144.04652062500003,0.0,2025,4
2025-04-30,69.331611875,157.398641875,88.06703000000002,0.0,2025,4
2025-05-01,0.0,107.23141812499999,107.23141812499999,6.0,2025,5
2025-05-02,4.994199375,87.866788125,82.87258875,2.0,2025,5
2025-05-03,4.98076375,89.91603062500002,84.93526687500002,3.0,2025,5
2025-05-04,0.0,94.055111875,94.055111875,5.0,2025,5
2025-05-05,19.551214375,100.597334375,81.04612,1.0,2025,5
2025-05-06,60.911513125000006,132.095993125,71.18448000000001,0.0,2025,5
2025-05-07,57.67850625,86.12453124999999,28.44602499999999,0.0,2025,5
2025-05-08,98.620115,72.64518625000001,-25.97492874999999,0.0,2025,5
2025-05-09,58.73066375,74.641466875,15.910803125000008,0.0,2025,5
2025-05-10,0.0,68.12497937500001,68.12497937500001,6.0,2025,5
2025-05-11,42.66709125,75.33716,32.67006875,1.0,2025,5
2025-05-12,15.535823125,81.799086875,66.26326375,1.0,2025,5
2025-05-13,51.410968125,99.25714437500001,47.84617625000001,0.0,2025,5
2025-05-14,8.8613375,69.877613125,61.016275625,2.0,2025,5
2025-05-15,42.35424625,101.13784562500001,58.78359937500001,0.0,2025,5
2025-05-16,35.01632375,85.086095625,50.069771875,0.0,2025,5
2025-05-17,55.7687575,85.2656775,29.496919999999996,0.0,2025,5
2025-05-18,70.033474375,92.88092125,22.847446875000003,0.0,2025,5
2025-05-19,21.779585625,86.639699375,64.86011375000001,1.0,2025,5
2025-05-20,55.00112,76.5405125,21.539392500000005,0.0,2025,5
2025-05-21,1.284001875,71.846284375,70.5622825,2.0,2025,5
2025-05-22,56.072188125,105.754383125,49.68219500000001,0.0,2025,5
2025-05-23,64.056825,94.48254125,30.425716249999994,0.0,2025,5
2025-05-24,16.45580875,86.1558575,69.70004875,1.0,2025,5
2025-05-25,12.404645,66.518121875,54.113476875,2.0,2025,5
2025-05-26,53.765910000000005,77.45427875,23.688368749999995,0.0,2025,5
2025-05-27,57.19352875,281.107269375,223.913740625,0.0,2025,5
2025-05-28,26.674696875000002,253.352479375,226.6777825,1.0,2025,5
2025-05-29,37.447654375,79.882385,42.434730625,0.0,2025,5
2025-05-30,24.76053375,68.18651812499999,43.42598437499999,0.0,2025,5
2025-05-31,0.0,72.454935625,72.454935625,4.0,2025,5
2025-06-01,0.0,120.176193125,120.176193125,7.0,2025,6
2025-06-02,79.303971875,89.10741125,9.803439374999996,0.0,2025,6
2025-06-03,241.938054375,249.08060875,7.142554375000003,0.0,2025,6
2025-06-04,50.868586875,75.21862,24.350033125000003,0.0,2025,6
2025-06-05,177.730621875,262.91414000000003,85.18351812500003,0.0,2025,6
2025-06-06,281.68284500000004,156.868849375,-124.81399562500005,0.0,2025,6
2025-06-07,68.610935,84.872755625,16.261820625,0.0,2025,6
2025-06-08,53.664655624999995,80.931086875,27.26643125000001,0.0,2025,6
2025-06-09,71.94877625,296.049500625,224.10072437500003,0.0,2025,6
2025-06-10,76.020485,335.95077437500004,259.93028937500003,0.0,2025,6
2025-06-11,263.19091375,212.76925562500003,-50.421658124999965,0.0,2025,6
2025-06-12,149.503035,276.81879687500003,127.31576187500002,0.0,2025,6
2025-06-13,89.431783125,226.57484062499998,137.1430575,0.0,2025,6
2025-06-14,0.0,223.04527625,223.04527625,5.0,2025,6
2025-06-15,44.879453125,183.0348325,138.155379375,1.0,2025,6
2025-06-16,265.848795625,273.0222375,7.173441875000037,0.0,2025,6
2025-06-17,343.719421875,356.296213125,12.576791249999985,0.0,2025,6
2025-06-18,90.607658125,202.86119,112.253531875,0.0,2025,6
2025-06-19,96.37531625,106.706305625,10.330989375000001,0.0,2025,6
2025-06-20,66.15082375,155.944934375,89.794110625,0.0,2025,6
2025-06-21,72.22751625000001,230.290063125,158.06254687499998,0.0,2025,6
2025-06-22,60.110048125000006,173.13514625,113.02509812499999,0.0,2025,6
2025-06-23,66.129255,277.69200375,211.56274875000003,0.0,2025,6
2025-06-24,68.058103125,261.80478000000005,193.74667687500005,0.0,2025,6
2025-06-25,152.416055,254.67056875,102.25451375,0.0,2025,6
2025-06-26,173.97204875000003,235.327778125,61.35572937499998,0.0,2025,6
2025-06-27,195.534981875,244.7951225,49.26014062499999,0.0,2025,6
2025-06-28,43.78786375,246.069696875,202.281833125,0.0,2025,6
2025-06-29,0.0,223.23022187499998,223.23022187499998,7.0,2025,6
2025-06-30,75.824619375,253.63207812499996,177.80745874999997,0.0,2025,6
2025-07-01,103.477341875,244.17592,140.69857812499998,0.0,2025,7
2025-07-02,122.12122125,192.49298937499998,70.37176812499997,0.0,2025,7
2025-07-03,67.05859000000001,203.873375625,136.81478562499998,0.0,2025,7
2025-07-04,87.3166825,219.95529312500003,132.638610625,0.0,2025,7
2025-07-05,73.278613125,161.288371875,88.00975874999999,0.0,2025,7
2025-07-06,48.156983125,108.19056375,60.033580625,0.0,2025,7
2025-07-07,38.134734375,109.82953125,71.69479687500001,0.0,2025,7
2025-07-08,18.84319875,128.61090625,109.7677075,1.0,2025,7
2025-07-09,119.57914875,123.085786875,3.506638124999995,0.0,2025,7
2025-07-10,161.54839312500002,97.90708562500001,-63.64130750000001,0.0,2025,7
2025-07-11,8.4282275,92.56069125,84.13246375,2.0,2025,7
2025-07-12,88.8321775,88.91362,0.08144249999999431,0.0,2025,7
2025-07-13,128.829624375,179.549251875,50.7196275,0.0,2025,7
2025-07-14,120.08744999999999,210.45900312499998,90.37155312499999,0.0,2025,7
2025-07-15,202.99718875,201.02044875,-1.9767399999999782,0.0,2025,7
2025-07-16,25.831607499999997,115.34302875,89.51142125000001,1.0,2025,7
2025-07-17,23.017185,104.082069375,81.064884375,1.0,2025,7
2025-07-18,72.63658062500001,114.648994375,42.01241374999999,0.0,2025,7
2025-07-19,0.0,110.89122875000001,110.89122875000001,4.0,2025,7
2025-07-20,0.85652625,117.62445749999999,116.76793124999999,3.0,2025,7
2025-07-21,57.51765375,119.0833375,61.56568375,0.0,2025,7
2025-07-22,3.46115625,127.45912312499999,123.99796687499999,3.0,2025,7
2025-07-23,55.169588125000004,146.46870875,91.29912062499999,0.0,2025,7
2025-07-24,42.24743375,111.20227625,68.9548425,1.0,2025,7
2025-07-25,43.24732,93.78141,50.53408999999999,0.0,2025,7
2025-07-26,89.4130725,112.58785187500001,23.174779375000014,0.0,2025,7
2025-07-27,9.8629,65.5293075,55.666407500000005,3.0,2025,7
2025-07-28,58.227024375,85.48558,27.258555625,0.0,2025,7
2025-07-29,74.691181875,93.80986250000001,19.11868062500001,0.0,2025,7
2025-07-30,36.802911875,65.6776075,28.874695624999994,1.0,2025,7
2025-07-31,35.980444375,55.795173750000004,19.814729375000006,1.0,2025,7
2025-08-01,7.679937499999999,64.4804575,56.80052,2.0,2025,8
2025-08-02,1.46003,62.869785625,61.409755624999995,2.0,2025,8
2025-08-03,10.597024375,63.3642725,52.767248124999995,2.0,2025,8
2025-08-04,0.0,70.179808125,70.179808125,8.0,2025,8
2025-08-05,0.0,66.44898,66.44898,5.0,2025,8
2025-08-06,0.0,58.802241875,58.802241875,7.0,2025,8
2025-08-07,0.0,60.4818675,60.4818675,9.0,2025,8
2025-08-08,0.0,67.186453125,67.186453125,5.0,2025,8
2025-08-09,47.351719375,65.54389750000001,18.192178125000012,0.0,2025,8
2025-08-10,0.0,62.997685,62.997685,7.0,2025,8
2025-08-11,10.327436875,67.11712750000001,56.789690625000006,2.0,2025,8
2025-08-12,55.44749875,65.60777125,10.160272499999998,0.0,2025,8
2025-08-13,0.0,62.745790625,62.745790625,8.0,2025,8
2025-08-14,0.0,68.41276125,68.41276125,5.0,2025,8
2025-08-15,0.0,68.55294125,68.55294125,8.0,2025,8
2025-08-16,0.0,67.13385625,67.13385625,8.0,2025,8
2025-08-17,32.922229375,60.48147,27.559240625,1.0,2025,8
2025-08-18,26.890155,70.520663125,43.630508125,1.0,2025,8
2025-08-19,2.968965,74.722771875,71.75380687500001,3.0,2025,8
2025-08-20,0.0,67.25929,67.25929,5.0,2025,8
2025-08-21,14.593310625,86.54520687499999,71.95189624999999,2.0,2025,8
2025-08-22,120.04973625,141.94913,21.89939375,0.0,2025,8
2025-08-23,0.0,89.57220687499999,89.57220687499999,5.0,2025,8
2025-08-24,0.0,69.4604025,69.4604025,8.0,2025,8
2025-08-25,0.0,82.67339687500001,82.67339687500001,8.0,2025,8
2025-08-26,0.0,76.04809625,76.04809625,8.0,2025,8
2025-08-27,0.0,83.457835625,83.457835625,7.0,2025,8
2025-08-28,73.104500625,77.234649375,4.130148750000004,0.0,2025,8
2025-08-29,49.685612500000005,68.121900625,18.43628812499999,0.0,2025,8
2025-08-30,13.766953125,66.8800825,53.113129375,2.0,2025,8
2025-08-31,0.0,62.13087,62.13087,7.0,2025,8
2025-09-01,0.0,71.68261,71.68261,8.0,2025,9
2025-09-02,100.32318562500001,87.400075,-12.923110625000007,0.0,2025,9
2025-09-03,0.0,84.799959375,84.799959375,5.0,2025,9
2025-09-04,0.0,74.337035,74.337035,8.0,2025,9
2025-09-05,1.681759375,75.733490625,74.05173125,3.0,2025,9
2025-09-06,63.4704475,79.76661875,16.296171250000008,0.0,2025,9
2025-09-07,34.77296375,101.701129375,66.92816562499999,0.0,2025,9
2025-09-08,0.0,97.68050500000001,97.68050500000001,9.0,2025,9
2025-09-09,0.0,69.78855999999999,69.78855999999999,8.0,2025,9
2025-09-10,0.0,71.942344375,71.942344375,9.0,2025,9
2025-09-11,0.0,70.17984,70.17984,9.0,2025,9
2025-09-12,0.0,73.24968125000001,73.24968125000001,9.0,2025,9
2025-09-13,0.0,83.075664375,83.075664375,9.0,2025,9
2025-09-14,0.0,57.924120625,57.924120625,9.0,2025,9
2025-09-15,0.0,66.199894375,66.199894375,9.0,2025,9
2025-09-16,0.0,65.74840499999999,65.74840499999999,9.0,2025,9
2025-09-17,0.0,68.166945,68.166945,5.0,2025,9
2025-09-18,0.0,58.177754375000006,58.177754375000006,9.0,2025,9
2025-09-19,0.0,67.69214812499999,67.69214812499999,9.0,2025,9
2025-09-20,0.0,76.12045,76.12045,6.0,2025,9
2025-09-21,0.0,75.872004375,75.872004375,9.0,2025,9
2025-09-22,0.0,71.21750812500001,71.21750812500001,7.0,2025,9
2025-09-23,0.0,66.644149375,66.644149375,9.0,2025,9
2025-09-24,0.0,128.276515625,128.276515625,9.0,2025,9
2025-09-25,0.0,91.161985,91.161985,9.0,2025,9
2025-09-26,28.685485625,74.77610375,46.090618125000006,1.0,2025,9
2025-09-27,0.0,59.184844999999996,59.184844999999996,9.0,2025,9
2025-09-28,0.0,65.245773125,65.245773125,9.0,2025,9
2025-09-29,0.0,67.7200575,67.7200575,5.0,2025,9
2025-09-30,0.0,90.39447,90.39447,9.0,2025,9
2025-10-01,0.0,69.573639375,69.573639375,9.0,2025,10
2025-10-02,0.0,90.416995625,90.416995625,9.0,2025,10
2025-10-03,0.0,61.9016075,61.9016075,7.0,2025,10
2025-10-04,0.0,57.258939375,57.258939375,9.0,2025,10
2025-10-05,0.0,55.96212625,55.96212625,9.0,2025,10
2025-10-06,0.0,59.54572875,59.54572875,9.0,2025,10
2025-10-07,0.0,64.873486875,64.873486875,9.0,2025,10
2025-10-08,0.0,63.31575625000001,63.31575625000001,9.0,2025,10
2025-10-09,0.0,59.76087125,59.76087125,9.0,2025,10
2025-10-10,1.868435625,56.1765625,54.308126875,3.0,2025,10
2025-10-11,3.5125925,54.313850625,50.801258125000004,3.0,2025,10
2025-10-12,0.0,48.779731874999996,48.779731874999996,9.0,2025,10
2025-10-13,0.0,62.919719375,62.919719375,7.0,2025,10
2025-10-14,19.180379375,61.484269375,42.303889999999996,1.0,2025,10
2025-10-15,28.809161874999997,54.870898125000004,26.061736250000006,0.0,2025,10
2025-10-16,0.0,49.146471250000005,49.146471250000005,6.0,2025,10
2025-10-17,0.0,56.498573125,56.498573125,7.0,2025,10
2025-10-18,0.0,51.21935875,51.21935875,9.0,2025,10
2025-10-19,0.0,64.88671562500001,64.88671562500001,9.0,2025,10
2025-10-20,0.0,59.99737875,59.99737875,9.0,2025,10
2025-10-21,0.0,60.7671775,60.7671775,8.0,2025,10
2025-10-22,0.0,73.539984375,73.539984375,9.0,2025,10
2025-10-23,8.33721,66.97622625,58.63901625,2.0,2025,10
2025-10-24,0.0,64.70429,64.70429,5.0,2025,10
2025-10-25,0.0,53.99483875,53.99483875,9.0,2025,10
2025-10-26,0.0,62.77085,62.77085,9.0,2025,10
2025-10-27,0.0,62.44156687499999,62.44156687499999,6.0,2025,10
2025-10-28,0.0,65.2543325,65.2543325,8.0,2025,10
2025-10-29,0.0,77.37303,77.37303,9.0,2025,10
2025-10-30,0.0,78.36907124999999,78.36907124999999,9.0,2025,10
2025-10-31,0.0,73.98774625,73.98774625,9.0,2025,10
2025-11-01,0.0,59.57953375,59.57953375,9.0,2025,11
2025-11-02,0.0,53.37939625,53.37939625,9.0,2025,11
2025-11-03,0.0,96.119129375,96.119129375,9.0,2025,11
2025-11-04,14.869591875000001,75.5445075,60.674915625,0.0,2025,11
2025-11-05,0.0,65.21187125,65.21187125,4.0,2025,11
2025-11-06,42.185766875,195.02466937499997,152.83890249999996,0.0,2025,11
2025-11-07,0.0,112.081895,112.081895,9.0,2025,11
2025-11-08,0.0,58.100015,58.100015,9.0,2025,11
2025-11-09,0.0,65.09360875,65.09360875,9.0,2025,11
2025-11-10,0.0,75.6464475,75.6464475,9.0,2025,11
2025-11-11,0.0,67.28938687499999,67.28938687499999,9.0,2025,11
2025-11-12,0.0,60.204848750000004,60.204848750000004,9.0,2025,11
2025-11-13,0.0,131.72810375,131.72810375,9.0,2025,11
2025-11-14,0.0,156.690033125,156.690033125,7.0,2025,11
2025-11-15,0.0,103.15936937500001,103.15936937500001,9.0,2025,11
2025-11-16,0.0,59.700281249999996,59.700281249999996,9.0,2025,11
2025-11-17,0.0,113.320696875,113.320696875,6.0,2025,11
2025-11-18,0.0,182.255866875,182.255866875,9.0,2025,11
2025-11-19,0.0,196.60600812500002,196.60600812500002,9.0,2025,11
2025-11-20,0.0,129.221695625,129.221695625,6.0,2025,11
2025-11-21,0.0,116.202315,116.202315,9.0,2025,11
2025-11-22,0.0,103.85642874999999,103.85642874999999,6.0,2025,11
2025-11-23,0.0,130.0956525,130.0956525,9.0,2025,11
2025-11-24,0.0,207.137511875,207.137511875,7.0,2025,11
2025-11-25,0.0,177.515015625,177.515015625,5.0,2025,11
2025-11-26,0.0,222.35095,222.35095,4.0,2025,11
2025-11-27,0.0,196.82285437500002,196.82285437500002,6.0,2025,11
2025-11-28,0.0,143.68871875000002,143.68871875000002,6.0,2025,11
2025-11-29,0.0,68.06720874999999,68.06720874999999,9.0,2025,11
2025-11-30,0.0,51.9336025,51.9336025,9.0,2025,11
2025-12-01,0.0,51.38539875,51.38539875,8.0,2025,12
2025-12-02,0.0,52.612599375,52.612599375,9.0,2025,12
2025-12-03,0.0,104.060204375,104.060204375,9.0,2025,12
2025-12-04,34.190846875000005,103.53640687499998,69.34555999999998,0.0,2025,12
2025-12-05,0.0,73.665521875,73.665521875,7.0,2025,12
2025-12-06,10.337497500000001,77.74865625,67.41115875,2.0,2025,12
2025-12-07,0.0,65.03988625,65.03988625,6.0,2025,12
2025-12-08,0.0,82.15223,82.15223,9.0,2025,12
2025-12-09,28.6723325,200.8893,172.21696749999998,0.0,2025,12
2025-12-10,31.718360625000003,201.40083,169.682469375,0.0,2025,12
2025-12-11,48.515145624999995,66.73599,18.220844375000006,0.0,2025,12
2025-12-12,0.0,70.61168375,70.61168375,7.0,2025,12
2025-12-13,0.0,106.848461875,106.848461875,9.0,2025,12
2025-12-14,0.0,51.847521875,51.847521875,9.0,2025,12
2025-12-15,0.0,69.78279500000001,69.78279500000001,9.0,2025,12
2025-12-16,0.0,101.953825625,101.953825625,9.0,2025,12
2025-12-17,0.0,87.80981812499999,87.80981812499999,9.0,2025,12
2025-12-18,0.0,92.921929375,92.921929375,6.0,2025,12
2025-12-19,0.0,92.553104375,92.553104375,9.0,2025,12
2025-12-20,0.0,62.07461875,62.07461875,7.0,2025,12
2025-12-21,0.0,65.94630875,65.94630875,9.0,2025,12
2025-12-22,0.0,72.375405,72.375405,9.0,2025,12
2025-12-23,0.0,87.25619625000002,87.25619625000002,9.0,2025,12
2025-12-24,0.0,57.1576675,57.1576675,9.0,2025,12
2025-12-25,0.0,68.099779375,68.099779375,9.0,2025,12
2025-12-26,0.0,144.360144375,144.360144375,9.0,2025,12
2025-12-27,0.0,55.395063125,55.395063125,9.0,2025,12
2025-12-28,0.0,49.83796,49.83796,9.0,2025,12
2025-12-29,0.0,205.38581812500001,205.38581812500001,9.0,2025,12
2025-12-30,0.0,208.823955,208.823955,9.0,2025,12
2025-12-31,0.0,72.19300625,72.19300625,9.0,2025,12
2026-01-01,0.0,53.959565,53.959565,9.0,2026,1
2026-01-02,0.0,66.98770375,66.98770375,9.0,2026,1
2026-01-03,0.0,75.08145999999999,75.08145999999999,9.0,2026,1
2026-01-04,0.0,58.727981875000005,58.727981875000005,9.0,2026,1
2026-01-05,37.63129625,105.743923125,68.11262687499999,0.0,2026,1
2026-01-06,0.0,56.9445075,56.9445075,9.0,2026,1
2026-01-07,0.0,99.04704875,99.04704875,7.0,2026,1
2026-01-08,21.841668124999998,159.80829062499998,137.96662249999997,0.0,2026,1
2026-01-09,0.0,197.50369812500003,197.50369812500003,9.0,2026,1
2026-01-10,0.0,180.000566875,180.000566875,9.0,2026,1
2026-01-11,0.0,99.231835,99.231835,9.0,2026,1
2026-01-12,0.0,56.11766625,56.11766625,7.0,2026,1
2026-01-13,0.0,68.65368875,68.65368875,9.0,2026,1
2026-01-14,0.0,84.298259375,84.298259375,9.0,2026,1
2026-01-15,0.0,73.5058075,73.5058075,9.0,2026,1
2026-01-16,0.0,64.87351375,64.87351375,9.0,2026,1
2026-01-17,0.0,57.44453125,57.44453125,9.0,2026,1
2026-01-18,0.0,60.53976625,60.53976625,9.0,2026,1
2026-01-19,0.0,77.12894125,77.12894125,4.0,2026,1
2026-01-20,10.353201875,81.17157,70.818368125,2.0,2026,1
2026-01-21,0.0,76.3837425,76.3837425,9.0,2026,1
2026-01-22,0.0,84.227088125,84.227088125,9.0,2026,1
2026-01-23,0.0,131.600979375,131.600979375,4.0,2026,1
2026-01-24,0.0,68.131776875,68.131776875,9.0,2026,1
2026-01-25,0.0,62.70935125,62.70935125,9.0,2026,1
2026-01-26,0.0,101.65164125000001,101.65164125000001,6.0,2026,1
2026-01-27,0.0,70.230023125,70.230023125,5.0,2026,1
2026-01-28,0.0,67.2748175,67.2748175,9.0,2026,1
2026-01-29,0.0,61.220283125,61.220283125,7.0,2026,1
2026-01-30,0.0,200.042585,200.042585,8.0,2026,1
2026-01-31,0.0,70.93820625,70.93820625,9.0,2026,1
2026-02-01,0.0,56.25872,56.25872,9.0,2026,2
2026-02-02,0.0,68.390675,68.390675,9.0,2026,2
2026-02-03,0.0,86.665313125,86.665313125,6.0,2026,2
2026-02-04,0.0,98.6338525,98.6338525,7.0,2026,2
2026-02-05,0.0,59.813334375,59.813334375,9.0,2026,2
2026-02-06,0.0,84.07255375,84.07255375,9.0,2026,2
2026-02-07,0.0,63.35852375,63.35852375,9.0,2026,2
2026-02-08,0.0,61.385751875,61.385751875,9.0,2026,2
2026-02-09,0.0,65.27145999999999,65.27145999999999,9.0,2026,2
2026-02-10,0.0,66.218824375,66.218824375,9.0,2026,2
2026-02-11,0.0,72.321115625,72.321115625,5.0,2026,2
2026-02-12,0.0,71.50348062500001,71.50348062500001,9.0,2026,2
2026-02-13,0.0,77.24557250000001,77.24557250000001,4.0,2026,2
2026-02-14,0.0,96.77472187500001,96.77472187500001,9.0,2026,2
2026-02-15,0.0,66.101783125,66.101783125,9.0,2026,2
2026-02-16,0.0,70.8414,70.8414,9.0,2026,2
2026-02-17,0.0,74.6093525,74.6093525,5.0,2026,2
2026-02-18,0.0,58.88332187499999,58.88332187499999,9.0,2026,2
2026-02-19,0.0,59.46737625,59.46737625,9.0,2026,2
2026-02-20,0.0,79.66080687499999,79.66080687499999,8.0,2026,2
2026-02-21,0.0,65.273078125,65.273078125,9.0,2026,2
2026-02-22,0.0,61.77027125,61.77027125,9.0,2026,2
2026-02-23,0.0,105.499674375,105.499674375,9.0,2026,2
2026-02-24,0.0,244.691135,244.691135,5.0,2026,2
2026-02-25,0.0,117.74325437499999,117.74325437499999,6.0,2026,2
2026-02-26,0.0,189.33652625000002,189.33652625000002,9.0,2026,2
2026-02-27,0.0,130.55602,130.55602,9.0,2026,2
2026-02-28,0.0,78.21218250000001,78.21218250000001,9.0,2026,2
2026-03-01,0.0,63.80574875000001,63.80574875000001,9.0,2026,3
2026-03-02,0.0,62.379940000000005,62.379940000000005,4.0,2026,3
2026-03-03,0.0,77.43065000000001,77.43065000000001,9.0,2026,3
2026-03-04,0.0,69.63483375,69.63483375,9.0,2026,3
2026-03-05,0.0,187.91552,187.91552,9.0,2026,3
2026-03-06,0.0,73.347674375,73.347674375,5.0,2026,3
2026-03-07,0.0,58.4958675,58.4958675,6.0,2026,3
2026-03-08,0.0,56.566556874999996,56.566556874999996,9.0,2026,3
2026-03-09,0.0,154.6855175,154.6855175,9.0,2026,3
2026-03-10,9.147375,165.45989874999998,156.31252374999997,2.0,2026,3
2026-03-11,0.0,170.08693812500002,170.08693812500002,5.0,2026,3
2026-03-12,0.0,173.48425,173.48425,9.0,2026,3
2026-03-13,0.0,58.442078125,58.442078125,9.0,2026,3
2026-03-14,0.0,57.8274725,57.8274725,7.0,2026,3
2026-03-15,0.0,68.08823375,68.08823375,9.0,2026,3
2026-03-16,0.0,64.53765875,64.53765875,7.0,2026,3
2026-03-17,38.308903125,83.363575,45.054671875,0.0,2026,3
2026-03-18,30.390919375,88.531208125,58.14028875000001,0.0,2026,3
2026-03-19,42.83391875,119.69285375000001,76.858935,0.0,2026,3
2026-03-20,63.86856937499999,119.955225,56.086655625000006,0.0,2026,3
2026-03-21,0.0,62.858485,62.858485,6.0,2026,3
2026-03-22,40.9324125,63.341948125,22.409535625000004,0.0,2026,3
2026-03-23,0.0,74.92710125,74.92710125,5.0,2026,3
2026-03-24,35.318597499999996,76.88136374999999,41.562766249999996,0.0,2026,3
2026-03-25,0.0,68.304526875,68.304526875,5.0,2026,3
2026-03-26,18.64757875,65.37185374999999,46.724274999999984,1.0,2026,3
2026-03-27,34.919915,69.102436875,34.18252187499999,0.0,2026,3
2026-03-28,0.0,57.298935625,57.298935625,5.0,2026,3
2026-03-29,0.0,58.988276250000006,58.988276250000006,9.0,2026,3
2026-03-30,0.0,78.3368725,78.3368725,9.0,2026,3
2026-03-31,0.0,109.171194375,109.171194375,6.0,2026,3
2026-04-01,0.0,62.699997499999995,62.699997499999995,9.0,2026,4
2026-04-02,29.032543125,56.771734374999994,27.739191249999994,0.0,2026,4
2026-04-03,0.0,57.525077499999995,57.525077499999995,9.0,2026,4
2026-04-04,4.853936875,62.93436,58.080423124999996,3.0,2026,4
2026-04-05,6.572146249999999,63.593631875,57.021485625,2.0,2026,4
2026-04-06,0.37229375,56.384286874999994,56.011993125,3.0,2026,4
2026-04-07,27.508933125000002,61.194254375,33.68532125,0.0,2026,4
2026-04-08,40.581456875,57.575393125,16.993936249999997,0.0,2026,4
2026-04-09,26.85567125,57.140203125,30.284531875,0.0,2026,4
2026-04-10,63.443796250000005,59.770826875000004,-3.672969375000001,0.0,2026,4
2026-04-11,23.075865625,59.559780625,36.483915,0.0,2026,4
2026-04-12,0.0,59.324744375,59.324744375,7.0,2026,4
2026-04-13,2.939724375,71.08097624999999,68.141251875,3.0,2026,4
2026-04-14,33.05436375,73.10130187499999,40.04693812499999,0.0,2026,4
2026-04-15,0.0,71.776106875,71.776106875,8.0,2026,4
2026-04-16,0.0,62.15631625,62.15631625,4.0,2026,4
2026-04-17,0.0,63.5767,63.5767,4.0,2026,4
2026-04-18,0.0,68.10372687499999,68.10372687499999,7.0,2026,4
2026-04-19,0.0,63.688473125,63.688473125,8.0,2026,4
2026-04-20,51.334263125,65.34798125,14.013718125000004,0.0,2026,4
2026-04-21,0.0,68.16497875,68.16497875,8.0,2026,4
2026-04-22,0.0,76.8255,76.8255,8.0,2026,4
2026-04-23,0.0,73.973550625,73.973550625,8.0,2026,4
2026-04-24,2.119368125,61.80219187499999,59.68282374999999,2.0,2026,4
2026-04-25,0.0,67.17751125000001,67.17751125000001,8.0,2026,4
2026-04-26,0.0,60.9572225,60.9572225,8.0,2026,4
2026-04-27,31.097006875,161.02443499999998,129.92742812499998,1.0,2026,4
2026-04-28,8.909754375,121.48558,112.575825625,2.0,2026,4
2026-04-29,0.0,64.54771500000001,64.54771500000001,8.0,2026,4
2026-04-30,4.18392875,67.77686125,63.592932499999996,3.0,2026,4
2026-05-01,0.0,53.47251375,53.47251375,5.0,2026,5
2026-05-02,0.0,62.921171875,62.921171875,5.0,2026,5
2026-05-03,10.632458125,69.9757375,59.343279374999995,2.0,2026,5
2026-05-04,52.399352500000006,138.275938125,85.876585625,0.0,2026,5
2026-05-05,51.9472375,129.8044175,77.85718,0.0,2026,5
2026-05-06,46.056273125000004,88.08542249999999,42.02914937499999,0.0,2026,5
2026-05-07,0.0,61.077930625,61.077930625,6.0,2026,5
2026-05-08,17.537465,60.3978725,42.860407499999994,0.0,2026,5
2026-05-09,0.0,76.34870375,76.34870375,7.0,2026,5
2026-05-10,0.0,69.17683875,69.17683875,7.0,2026,5
2026-05-11,17.455533125,72.9732575,55.517724375,2.0,2026,5
2026-05-12,55.2374375,69.3224175,14.084980000000002,0.0,2026,5
2026-05-13,55.45768375,84.017269375,28.559585624999997,0.0,2026,5
2026-05-14,51.111913125,80.83808,29.726166875000004,0.0,2026,5
2026-05-15,17.8671175,78.178895,60.3117775,2.0,2026,5
2026-05-16,0.0,63.255294375,63.255294375,7.0,2026,5
2026-05-17,0.0,78.62395062499999,78.62395062499999,8.0,2026,5
2026-05-18,0.0,84.49136625,84.49136625,7.0,2026,5
2026-05-19,21.37483625,106.2423025,84.86746624999999,1.0,2026,5
2026-05-20,57.69383500000001,96.2948,38.60096499999999,0.0,2026,5
2026-05-21,87.543741875,245.638019375,158.0942775,0.0,2026,5
2026-05-22,80.396055625,162.38296875,81.986913125,0.0,2026,5
